Subset,Reaction,Stochiometry,ReferenceValue,MethodValue
ACONF,"['B_T', 'B_G']","[-1, 1]",0.598000,0.396113
ACONF,"['P_TT', 'P_TG']","[-1, 1]",0.614000,0.441948
ACONF,"['P_TT', 'P_GG']","[-1, 1]",0.961000,0.583115
ACONF,"['P_TT', 'P_GX']","[-1, 1]",2.813000,2.622982
ACONF,"['H_ttt', 'H_gtt']","[-1, 1]",0.595000,0.415999
ACONF,"['H_ttt', 'H_tgt']","[-1, 1]",0.604000,0.471382
ACONF,"['H_ttt', 'H_tgg']","[-1, 1]",0.934000,0.616213
ACONF,"['H_ttt', 'H_gtg']","[-1, 1]",1.178000,0.834398
ACONF,"['H_ttt', 'H_g+t+g-']","[-1, 1]",1.302000,0.931035
ACONF,"['H_ttt', 'H_ggg']","[-1, 1]",1.250000,0.740925
ACONF,"['H_ttt', 'H_g+x-t+']","[-1, 1]",2.632000,2.488289
ACONF,"['H_ttt', 'H_t+g+x-']","[-1, 1]",2.740000,2.599084
ACONF,"['H_ttt', 'H_g+x-g-']","[-1, 1]",3.283000,3.026149
ACONF,"['H_ttt', 'H_x+g-g-']","[-1, 1]",3.083000,2.725928
ACONF,"['H_ttt', 'H_x+g-x+']","[-1, 1]",4.925000,4.790692
ADIM6,"['AM2', 'AD2']","[2, -1]",1.340000,1.312068
ADIM6,"['AM3', 'AD3']","[2, -1]",1.990000,1.977276
ADIM6,"['AM4', 'AD4']","[2, -1]",2.890000,2.932352
ADIM6,"['AM5', 'AD5']","[2, -1]",3.780000,3.806888
ADIM6,"['AM6', 'AD6']","[2, -1]",4.600000,4.686210
ADIM6,"['AM7', 'AD7']","[2, -1]",5.550000,5.404518
AHB21,"['1', '1A', '1B']","[1, -1, -1]",-17.790000,-31.457408
AHB21,"['2', '2A', '2B']","[1, -1, -1]",-32.500000,-49.769363
AHB21,"['3', '3A', '3B']","[1, -1, -1]",-65.680000,-86.693278
AHB21,"['4', '4A', '4B']","[1, -1, -1]",-8.980000,-14.533148
AHB21,"['5', '5A', '5B']","[1, -1, -1]",-15.610000,-22.524033
AHB21,"['6', '6A', '6B']","[1, -1, -1]",-25.520000,-33.216867
AHB21,"['7', '7A', '7B']","[1, -1, -1]",-14.350000,-22.911865
AHB21,"['8', '8A', '8B']","[1, -1, -1]",-41.790000,-53.542923
AHB21,"['9', '9A', '9B']","[1, -1, -1]",-17.030000,-30.823607
AHB21,"['10', '10A', '10B']","[1, -1, -1]",-37.310000,-56.779033
AHB21,"['11', '11A', '11B']","[1, -1, -1]",-7.970000,-9.887784
AHB21,"['12', '12A', '12B']","[1, -1, -1]",-14.130000,-17.422331
AHB21,"['13', '13A', '13B']","[1, -1, -1]",-26.010000,-30.292285
AHB21,"['14', '14A', '14B']","[1, -1, -1]",-11.070000,-14.060281
AHB21,"['15', '15A', '15B']","[1, -1, -1]",-8.620000,-14.235901
AHB21,"['16', '16A', '16B']","[1, -1, -1]",-15.730000,-22.924013
AHB21,"['17', '17A', '17B']","[1, -1, -1]",-26.240000,-34.219055
AHB21,"['18', '18A', '18B']","[1, -1, -1]",-12.800000,-14.935786
AHB21,"['19', '19A', '19B']","[1, -1, -1]",-20.650000,-24.175393
AHB21,"['20', '20A', '20B']","[1, -1, -1]",-21.030000,-23.446986
AHB21,"['21', '21A', '21B']","[1, -1, -1]",-31.400000,-34.476602
AL2X6,"['al2h6', 'alh3']","[-1, 2]",38.500000,36.768014
AL2X6,"['al2f6', 'alf3']","[-1, 2]",51.600000,57.338128
AL2X6,"['al2cl6', 'alcl3']","[-1, 2]",32.500000,36.177968
AL2X6,"['al2me4', 'alme2']","[-1, 2]",38.400000,36.022394
AL2X6,"['al2me5', 'alme2', 'alme3']","[-1, 1, 1]",31.200000,28.834990
AL2X6,"['al2me6', 'alme3']","[-1, 2]",23.100000,21.111255
ALK8,"['li8', 'li2']","[-1, 4]",86.470000,89.492128
ALK8,"['na8', 'na2']","[-1, 4]",53.150000,57.181570
ALK8,"['li4_me4', 'li_me']","[-1, 4]",131.130000,144.092613
ALK8,"['li3_me', 'li_me', 'li2']","[-1, 1, 1]",34.510000,36.333515
ALK8,"['li2_ch4', 'li_me', 'li_h']","[-1, 1, 1]",47.420000,49.795204
ALK8,"['li5_ch', 'li4_c', 'li_h']","[-1, 1, 1]",66.280000,74.049307
ALK8,"['li2_ch2n_2', 'li_ch2n']","[-1, 2]",56.550000,62.470177
ALK8,"['na+', 'li_na_h2', 'li+', 'na2_h2']","[-1, -1, 1, 1]",25.300000,26.152785
ALKBDE10,"['bef', 'be', 'f']","[-1, 1, 1]",138.700000,137.890275
ALKBDE10,"['beo', 'be', 'o']","[-1, 1, 1]",106.600000,94.552670
ALKBDE10,"['cao', 'ca', 'o']","[-1, 1, 1]",96.200000,86.304185
ALKBDE10,"['hf', 'h', 'f']","[-1, 1, 1]",142.100000,127.733824
ALKBDE10,"['kf', 'k', 'f']","[-1, 1, 1]",117.500000,102.134981
ALKBDE10,"['lif', 'li', 'f']","[-1, 1, 1]",139.200000,128.176380
ALKBDE10,"['lio', 'li', 'o']","[-1, 1, 1]",82.500000,70.090506
ALKBDE10,"['mgo', 'mg', 'o']","[-1, 1, 1]",62.200000,36.847529
ALKBDE10,"['mgs', 'mg', 's']","[-1, 1, 1]",56.700000,44.879632
ALKBDE10,"['nao', 'na', 'o']","[-1, 1, 1]",65.200000,48.273241
Amino20x4,"['ALA_xag', 'ALA_xac']","[-1, 1]",1.169000,1.988324
Amino20x4,"['ALA_xag', 'ALA_xak']","[-1, 1]",3.049000,2.412374
Amino20x4,"['ALA_xag', 'ALA_xai']","[-1, 1]",3.319000,3.197100
Amino20x4,"['ALA_xag', 'ALA_xab']","[-1, 1]",5.044000,5.050347
Amino20x4,"['ARG_xci', 'ARG_xak']","[-1, 1]",1.576000,3.071982
Amino20x4,"['ARG_xci', 'ARG_xbv']","[-1, 1]",2.529000,4.702608
Amino20x4,"['ARG_xci', 'ARG_xbx']","[-1, 1]",2.800000,3.979157
Amino20x4,"['ARG_xci', 'ARG_xby']","[-1, 1]",6.459000,7.983976
Amino20x4,"['ASN_xaf', 'ASN_xaj']","[-1, 1]",0.388000,-0.180278
Amino20x4,"['ASN_xaf', 'ASN_xae']","[-1, 1]",4.109000,3.230253
Amino20x4,"['ASN_xaf', 'ASN_xab']","[-1, 1]",4.760000,4.005676
Amino20x4,"['ASN_xaf', 'ASN_xah']","[-1, 1]",6.532000,4.710220
Amino20x4,"['ASP_xaz', 'ASP_xad']","[-1, 1]",0.157000,-0.470063
Amino20x4,"['ASP_xaz', 'ASP_xay']","[-1, 1]",1.974000,1.942774
Amino20x4,"['ASP_xaz', 'ASP_xau']","[-1, 1]",2.897000,3.126891
Amino20x4,"['ASP_xaz', 'ASP_xbc']","[-1, 1]",3.113000,1.876896
Amino20x4,"['CYS_xai', 'CYS_xah']","[-1, 1]",0.277000,1.393685
Amino20x4,"['CYS_xai', 'CYS_xag']","[-1, 1]",0.979000,-0.106304
Amino20x4,"['CYS_xai', 'CYS_xao']","[-1, 1]",0.992000,1.551047
Amino20x4,"['CYS_xai', 'CYS_xal']","[-1, 1]",2.373000,2.510039
Amino20x4,"['GLN_xai', 'GLN_xan']","[-1, 1]",0.424000,0.454612
Amino20x4,"['GLN_xai', 'GLN_xat']","[-1, 1]",3.272000,3.583689
Amino20x4,"['GLN_xai', 'GLN_xap']","[-1, 1]",4.045000,2.931458
Amino20x4,"['GLN_xai', 'GLN_xal']","[-1, 1]",4.152000,3.489493
Amino20x4,"['GLU_xbi', 'GLU_xav']","[-1, 1]",1.335000,1.271504
Amino20x4,"['GLU_xbi', 'GLU_xal']","[-1, 1]",1.545000,1.189571
Amino20x4,"['GLU_xbi', 'GLU_xar']","[-1, 1]",2.939000,2.993830
Amino20x4,"['GLU_xbi', 'GLU_xad']","[-1, 1]",5.216000,4.255421
Amino20x4,"['GLY_xac', 'GLY_xae']","[-1, 1]",1.091000,0.152279
Amino20x4,"['GLY_xac', 'GLY_xad']","[-1, 1]",2.627000,1.517610
Amino20x4,"['GLY_xac', 'GLY_xab']","[-1, 1]",2.743000,1.370492
Amino20x4,"['GLY_xac', 'GLY_xag']","[-1, 1]",4.086000,2.191698
Amino20x4,"['HIS_xaq', 'HIS_xam']","[-1, 1]",2.769000,2.281524
Amino20x4,"['HIS_xaq', 'HIS_xah']","[-1, 1]",2.992000,3.181340
Amino20x4,"['HIS_xaq', 'HIS_xau']","[-1, 1]",7.318000,5.750171
Amino20x4,"['HIS_xaq', 'HIS_xav']","[-1, 1]",7.370000,5.684723
Amino20x4,"['ILE_xae', 'ILE_xaj']","[-1, 1]",0.187000,0.389482
Amino20x4,"['ILE_xae', 'ILE_xaq']","[-1, 1]",0.595000,1.318044
Amino20x4,"['ILE_xae', 'ILE_xag']","[-1, 1]",0.963000,0.845172
Amino20x4,"['ILE_xae', 'ILE_xak']","[-1, 1]",0.995000,0.513554
Amino20x4,"['LEU_xap', 'LEU_xad']","[-1, 1]",0.338000,-0.078993
Amino20x4,"['LEU_xap', 'LEU_xae']","[-1, 1]",1.524000,1.387817
Amino20x4,"['LEU_xap', 'LEU_xbb']","[-1, 1]",1.686000,1.683184
Amino20x4,"['LEU_xap', 'LEU_xaq']","[-1, 1]",1.952000,2.103928
Amino20x4,"['LYS_xap', 'LYS_xao']","[-1, 1]",0.058000,-0.222128
Amino20x4,"['LYS_xap', 'LYS_xan']","[-1, 1]",0.199000,0.172875
Amino20x4,"['LYS_xap', 'LYS_xas']","[-1, 1]",0.456000,0.404321
Amino20x4,"['LYS_xap', 'LYS_xat']","[-1, 1]",0.540000,-0.020687
Amino20x4,"['MET_xbf', 'MET_xag']","[-1, 1]",1.814000,3.298477
Amino20x4,"['MET_xbf', 'MET_xbm']","[-1, 1]",2.459000,4.330855
Amino20x4,"['MET_xbf', 'MET_xav']","[-1, 1]",2.466000,2.545805
Amino20x4,"['MET_xbf', 'MET_xbo']","[-1, 1]",2.896000,4.429688
Amino20x4,"['PHE_xaw', 'PHE_xab']","[-1, 1]",0.872000,1.627748
Amino20x4,"['PHE_xaw', 'PHE_xar']","[-1, 1]",1.719000,2.539305
Amino20x4,"['PHE_xaw', 'PHE_xan']","[-1, 1]",1.840000,1.439485
Amino20x4,"['PHE_xaw', 'PHE_xal']","[-1, 1]",1.889000,1.670436
Amino20x4,"['PRO_xae', 'PRO_xad']","[-1, 1]",1.396000,1.736123
Amino20x4,"['PRO_xae', 'PRO_xac']","[-1, 1]",3.211000,1.462149
Amino20x4,"['PRO_xae', 'PRO_xaf']","[-1, 1]",4.187000,2.982592
Amino20x4,"['PRO_xae', 'PRO_xab']","[-1, 1]",6.014000,4.302162
Amino20x4,"['SER_xad', 'SER_xah']","[-1, 1]",3.026000,3.135261
Amino20x4,"['SER_xad', 'SER_xaf']","[-1, 1]",3.103000,3.364730
Amino20x4,"['SER_xad', 'SER_xak']","[-1, 1]",3.513000,3.208799
Amino20x4,"['SER_xad', 'SER_xar']","[-1, 1]",4.183000,3.789680
Amino20x4,"['THR_xaq', 'THR_xab']","[-1, 1]",1.339000,-0.141795
Amino20x4,"['THR_xaq', 'THR_xag']","[-1, 1]",3.080000,1.037800
Amino20x4,"['THR_xaq', 'THR_xah']","[-1, 1]",3.506000,1.397968
Amino20x4,"['THR_xaq', 'THR_xal']","[-1, 1]",4.224000,3.209671
Amino20x4,"['TRP_xao', 'TRP_xag']","[-1, 1]",1.293000,2.494678
Amino20x4,"['TRP_xao', 'TRP_xah']","[-1, 1]",2.828000,2.473170
Amino20x4,"['TRP_xao', 'TRP_xaf']","[-1, 1]",3.244000,2.907723
Amino20x4,"['TRP_xao', 'TRP_xac']","[-1, 1]",4.057000,3.338992
Amino20x4,"['TYR_xag', 'TYR_xar']","[-1, 1]",0.093000,0.064832
Amino20x4,"['TYR_xag', 'TYR_xab']","[-1, 1]",0.903000,1.582713
Amino20x4,"['TYR_xag', 'TYR_xah']","[-1, 1]",1.707000,1.245282
Amino20x4,"['TYR_xag', 'TYR_xan']","[-1, 1]",1.772000,2.572867
Amino20x4,"['VAL_xad', 'VAL_xaj']","[-1, 1]",0.849000,1.138183
Amino20x4,"['VAL_xad', 'VAL_xah']","[-1, 1]",0.860000,0.507697
Amino20x4,"['VAL_xad', 'VAL_xaf']","[-1, 1]",1.355000,1.594009
Amino20x4,"['VAL_xad', 'VAL_xak']","[-1, 1]",1.484000,1.683887
BH76,"['h', 'n2o', 'n2ohts']","[-1, -1, 1]",17.700000,18.515864
BH76,"['oh', 'n2', 'n2ohts']","[-1, -1, 1]",82.600000,75.171323
BH76,"['h', 'hf', 'hfhts']","[-1, -1, 1]",42.100000,40.429826
BH76,"['hf', 'h', 'hfhts']","[-1, -1, 1]",42.100000,40.429826
BH76,"['h', 'hcl', 'hclhts']","[-1, -1, 1]",17.800000,17.704282
BH76,"['hcl', 'h', 'hclhts']","[-1, -1, 1]",17.800000,17.704282
BH76,"['h', 'ch3f', 'hfch3ts']","[-1, -1, 1]",30.500000,32.651014
BH76,"['hf', 'ch3', 'hfch3ts']","[-1, -1, 1]",56.900000,56.139761
BH76,"['h', 'f2', 'hf2ts']","[-1, -1, 1]",1.500000,-1.594285
BH76,"['hf', 'f', 'hf2ts']","[-1, -1, 1]",104.800000,100.082044
BH76,"['ch3', 'clf', 'ch3fclts']","[-1, -1, 1]",7.100000,5.920771
BH76,"['ch3f', 'cl', 'ch3fclts']","[-1, -1, 1]",59.800000,56.170697
BH76,"['f-', 'ch3f', 'fch3fts']","[-1, -1, 1]",-0.600000,-11.909164
BH76,"['ch3f', 'f-', 'fch3fts']","[-1, -1, 1]",-0.600000,-11.909164
BH76,"['fch3fcomp', 'fch3fts']","[-1, 1]",13.400000,11.256242
BH76,"['fch3fcomp', 'fch3fts']","[-1, 1]",13.400000,11.256242
BH76,"['cl-', 'ch3cl', 'clch3clts']","[-1, -1, 1]",2.500000,-7.405344
BH76,"['ch3cl', 'cl-', 'clch3clts']","[-1, -1, 1]",2.500000,-7.405344
BH76,"['clch3clcomp', 'clch3clts']","[-1, 1]",13.500000,8.768926
BH76,"['clch3clcomp', 'clch3clts']","[-1, 1]",13.500000,8.768926
BH76,"['f-', 'ch3cl', 'fch3clts']","[-1, -1, 1]",-12.300000,-29.728447
BH76,"['cl-', 'ch3f', 'fch3clts']","[-1, -1, 1]",19.800000,22.714840
BH76,"['fch3clcomp1', 'fch3clts']","[-1, 1]",3.500000,-2.043708
BH76,"['fch3clcomp2', 'fch3clts']","[-1, 1]",29.600000,36.721734
BH76,"['oh-', 'ch3f', 'hoch3fts']","[-1, -1, 1]",-2.700000,-14.666469
BH76,"['ch3oh', 'f-', 'hoch3fts']","[-1, -1, 1]",17.600000,8.329281
BH76,"['hoch3fcomp2', 'hoch3fts']","[-1, 1]",11.000000,4.781122
BH76,"['hoch3fcomp1', 'hoch3fts']","[-1, 1]",47.700000,59.493265
BH76,"['h', 'n2', 'hn2ts']","[-1, -1, 1]",14.600000,9.302203
BH76,"['hn2', 'hn2ts']","[-1, 1]",10.900000,13.848930
BH76,"['h', 'co', 'hcots']","[-1, -1, 1]",3.200000,0.626745
BH76,"['hco', 'hcots']","[-1, 1]",22.800000,25.452044
BH76,"['h', 'c2h4', 'c2h5ts']","[-1, -1, 1]",2.000000,-0.361028
BH76,"['c2h5_1', 'c2h5ts']","[-1, 1]",42.000000,48.413030
BH76,"['ch3', 'c2h4', 'c3h7ts']","[-1, -1, 1]",6.400000,3.155977
BH76,"['c3h7', 'c3h7ts']","[-1, 1]",33.000000,36.657469
BH76,"['hcn', 'hcnts']","[-1, 1]",48.100000,50.878412
BH76,"['hnc', 'hcnts']","[-1, 1]",33.000000,36.880852
BH76,"['h', 'hcl', 'RKT01']","[-1, -1, 1]",6.100000,1.061759
BH76,"['H2', 'cl', 'RKT01']","[-1, -1, 1]",8.000000,9.683812
BH76,"['oh', 'H2', 'RKT02']","[-1, -1, 1]",5.200000,7.246470
BH76,"['H2O', 'h', 'RKT02']","[-1, -1, 1]",21.600000,15.891651
BH76,"['ch3', 'H2', 'RKT03']","[-1, -1, 1]",11.900000,7.985825
BH76,"['CH4', 'h', 'RKT03']","[-1, -1, 1]",15.000000,12.574490
BH76,"['oh', 'CH4', 'RKT04']","[-1, -1, 1]",6.300000,8.570364
BH76,"['H2O', 'ch3', 'RKT04']","[-1, -1, 1]",19.500000,12.626880
BH76,"['h', 'H2', 'RKT06']","[-1, -1, 1]",9.700000,4.485337
BH76,"['h', 'H2', 'RKT06']","[-1, -1, 1]",9.700000,4.485337
BH76,"['oh', 'NH3', 'RKT07']","[-1, -1, 1]",3.400000,4.246248
BH76,"['H2O', 'NH2', 'RKT07']","[-1, -1, 1]",13.700000,9.132744
BH76,"['hcl', 'ch3', 'RKT08']","[-1, -1, 1]",1.800000,-2.145370
BH76,"['cl', 'CH4', 'RKT08']","[-1, -1, 1]",6.800000,11.065348
BH76,"['oh', 'C2H6', 'RKT09']","[-1, -1, 1]",3.500000,5.503827
BH76,"['H2O', 'C2H5_2', 'RKT09']","[-1, -1, 1]",20.400000,14.298655
BH76,"['f', 'H2', 'RKT10']","[-1, -1, 1]",1.600000,3.611530
BH76,"['hf', 'h', 'RKT10']","[-1, -1, 1]",33.800000,21.936678
BH76,"['O', 'CH4', 'RKT11']","[-1, -1, 1]",14.400000,16.718688
BH76,"['oh', 'ch3', 'RKT11']","[-1, -1, 1]",8.900000,2.895583
BH76,"['h', 'PH3', 'RKT12']","[-1, -1, 1]",2.900000,-0.009535
BH76,"['H2', 'PH2', 'RKT12']","[-1, -1, 1]",24.700000,22.295673
BH76,"['h', 'oh', 'RKT14']","[-1, -1, 1]",10.900000,6.053109
BH76,"['H2', 'O', 'RKT14']","[-1, -1, 1]",13.200000,15.287548
BH76,"['h', 'H2S', 'RKT16']","[-1, -1, 1]",3.900000,53.118488
BH76,"['H2', 'HS', 'RKT16']","[-1, -1, 1]",17.200000,69.619831
BH76,"['O', 'hcl', 'RKT17']","[-1, -1, 1]",10.400000,9.185385
BH76,"['oh', 'cl', 'RKT17']","[-1, -1, 1]",9.900000,8.572999
BH76,"['NH2', 'ch3', 'RKT18']","[-1, -1, 1]",8.900000,4.456192
BH76,"['NH', 'CH4', 'RKT18']","[-1, -1, 1]",22.000000,21.746274
BH76,"['NH2', 'C2H5_2', 'RKT19']","[-1, -1, 1]",9.800000,6.413361
BH76,"['NH', 'C2H6', 'RKT19']","[-1, -1, 1]",19.400000,18.965131
BH76,"['C2H6', 'NH2', 'RKT20']","[-1, -1, 1]",11.300000,10.594590
BH76,"['C2H5_2', 'NH3', 'RKT20']","[-1, -1, 1]",17.800000,14.502921
BH76,"['NH2', 'CH4', 'RKT21']","[-1, -1, 1]",13.900000,13.366886
BH76,"['NH3', 'ch3', 'RKT21']","[-1, -1, 1]",16.900000,12.536905
BH76,"['C5H8', 'RKT22']","[-1, 1]",39.700000,40.010395
BH76,"['C5H8', 'RKT22']","[-1, 1]",39.700000,40.010395
BH76RC,"['h', 'n2o', 'oh', 'n2']","[-1, -1, 1, 1]",-64.910000,-56.655459
BH76RC,"['h', 'ch3f', 'hf', 'ch3']","[-1, -1, 1, 1]",-26.320000,-23.488747
BH76RC,"['h', 'f2', 'hf', 'f']","[-1, -1, 1, 1]",-103.280000,-101.676329
BH76RC,"['ch3', 'clf', 'ch3f', 'cl']","[-1, -1, 1, 1]",-52.640000,-50.249926
BH76RC,"['f-', 'ch3cl', 'cl-', 'ch3f']","[-1, -1, 1, 1]",-32.160000,-52.443286
BH76RC,"['fch3clcomp1', 'fch3clcomp2']","[-1, 1]",-26.120000,-38.765442
BH76RC,"['oh-', 'ch3f', 'ch3oh', 'f-']","[-1, -1, 1, 1]",-20.320000,-22.995751
BH76RC,"['hoch3fcomp2', 'hoch3fcomp1']","[-1, 1]",-36.710000,-54.712143
BH76RC,"['h', 'n2', 'hn2']","[-1, -1, 1]",3.690000,-4.546727
BH76RC,"['h', 'co', 'hco']","[-1, -1, 1]",-19.550000,-24.825299
BH76RC,"['h', 'c2h4', 'c2h5_1']","[-1, -1, 1]",-40.020000,-48.774057
BH76RC,"['ch3', 'c2h4', 'c3h7']","[-1, -1, 1]",-26.560000,-33.501493
BH76RC,"['hnc', 'hcn']","[-1, 1]",-15.060000,-13.997559
BH76RC,"['h', 'hcl', 'H2', 'cl']","[-1, -1, 1, 1]",-1.900000,-8.622053
BH76RC,"['oh', 'H2', 'H2O', 'h']","[-1, -1, 1, 1]",-16.390000,-8.645181
BH76RC,"['ch3', 'H2', 'CH4', 'h']","[-1, -1, 1, 1]",-3.110000,-4.588665
BH76RC,"['oh', 'CH4', 'H2O', 'ch3']","[-1, -1, 1, 1]",-13.280000,-4.056515
BH76RC,"['oh', 'NH3', 'H2O', 'NH2']","[-1, -1, 1, 1]",-10.320000,-4.886496
BH76RC,"['hcl', 'ch3', 'cl', 'CH4']","[-1, -1, 1, 1]",-5.010000,-13.210718
BH76RC,"['oh', 'C2H6', 'H2O', 'C2H5_2']","[-1, -1, 1, 1]",-16.840000,-8.794828
BH76RC,"['f', 'H2', 'hf', 'h']","[-1, -1, 1, 1]",-32.220000,-18.325148
BH76RC,"['O', 'CH4', 'oh', 'ch3']","[-1, -1, 1, 1]",5.440000,13.823104
BH76RC,"['h', 'PH3', 'H2', 'PH2']","[-1, -1, 1, 1]",-21.740000,-22.305209
BH76RC,"['h', 'oh', 'H2', 'O']","[-1, -1, 1, 1]",-2.320000,-9.234439
BH76RC,"['h', 'H2S', 'H2', 'HS']","[-1, -1, 1, 1]",-13.260000,-16.501342
BH76RC,"['O', 'hcl', 'oh', 'cl']","[-1, -1, 1, 1]",0.420000,0.612386
BH76RC,"['NH2', 'ch3', 'NH', 'CH4']","[-1, -1, 1, 1]",-13.120000,-17.290082
BH76RC,"['NH2', 'C2H5_2', 'NH', 'C2H6']","[-1, -1, 1, 1]",-9.560000,-12.551769
BH76RC,"['C2H6', 'NH2', 'C2H5_2', 'NH3']","[-1, -1, 1, 1]",-6.520000,-3.908331
BH76RC,"['NH2', 'CH4', 'NH3', 'ch3']","[-1, -1, 1, 1]",-2.960000,0.829981
BHDIV10,"['ed1', 'ts1']","[-1, 1]",25.650000,24.065349
BHDIV10,"['ed2', 'ts2']","[-1, 1]",56.900000,60.345161
BHDIV10,"['ed3', 'ts3']","[-1, 1]",36.530000,35.189209
BHDIV10,"['ed4', 'ts4']","[-1, 1]",96.170000,98.755122
BHDIV10,"['ed5', 'ts5']","[-1, 1]",15.940000,12.183713
BHDIV10,"['ed6', 'ts6']","[-1, 1]",13.640000,12.581061
BHDIV10,"['ed7', 'ts7']","[-1, 1]",27.490000,29.256337
BHDIV10,"['ed8', 'ts8']","[-1, 1]",50.240000,47.083166
BHDIV10,"['ed9', 'ts9']","[-1, 1]",65.840000,67.001837
BHDIV10,"['ed10', 'ts10']","[-1, 1]",64.930000,68.884076
BHPERI,"['Cyclobutene', 'TS1']","[-1, 1]",35.300000,40.403412
BHPERI,"['cis-135-Hexatriene', 'TS2']","[-1, 1]",30.800000,29.013745
BHPERI,"['ortho-xylylene', 'TS3']","[-1, 1]",28.100000,27.905289
BHPERI,"['13-Pentadiene', 'TS4']","[-1, 1]",39.700000,40.022465
BHPERI,"['13-Cyclopentadiene', 'TS5']","[-1, 1]",28.300000,28.341910
BHPERI,"['15-Hexadiene', 'TS6']","[-1, 1]",35.800000,35.090960
BHPERI,"['13-Butadiene', 'Ethylene', 'TS7']","[-1, -1, 1]",22.300000,17.783656
BHPERI,"['13-Cyclopentadiene', 'Ethylene', 'TS8']","[-1, -1, 1]",18.000000,13.882070
BHPERI,"['13-Cyclopentadiene', 'TS11']","[-2, 1]",14.500000,11.390701
BHPERI,"['Cis-triscyclopropacyclohexane', 'TS9']","[-1, 1]",26.400000,34.019857
BHPERI,"['13r_1', '13_c2h4', '13ts_1a']","[-1, -1, 1]",27.600000,28.929247
BHPERI,"['13r_2', '13_c2h4', '13ts_2a']","[-1, -1, 1]",20.000000,18.374197
BHPERI,"['13r_3', '13_c2h4', '13ts_3a']","[-1, -1, 1]",13.800000,13.018898
BHPERI,"['13r_4', '13_c2h4', '13ts_4a']","[-1, -1, 1]",11.800000,13.818383
BHPERI,"['13r_5', '13_c2h4', '13ts_5a']","[-1, -1, 1]",6.500000,5.104843
BHPERI,"['13r_6', '13_c2h4', '13ts_6a']","[-1, -1, 1]",4.700000,3.676988
BHPERI,"['13r_7', '13_c2h4', '13ts_7a']","[-1, -1, 1]",13.100000,10.176736
BHPERI,"['13r_8', '13_c2h4', '13ts_8a']","[-1, -1, 1]",5.900000,0.189949
BHPERI,"['13r_9', '13_c2h4', '13ts_9a']","[-1, -1, 1]",0.500000,-3.228934
BHPERI,"['02r', '00r', '02ts']","[-1, -1, 1]",18.100000,13.833441
BHPERI,"['03r', '00r', '03ts']","[-1, -1, 1]",16.600000,12.380462
BHPERI,"['04r', '00r', '04ts']","[-1, -1, 1]",22.900000,20.093214
BHPERI,"['05r', '00r', '06ts']","[-1, -1, 1]",27.800000,24.821864
BHPERI,"['07r', '00r', '07ts']","[-1, -1, 1]",21.300000,17.577586
BHPERI,"['07r', '00r', '08ts']","[-1, -1, 1]",21.600000,17.738535
BHPERI,"['09r', '00r', '09ts']","[-1, -1, 1]",31.300000,27.227357
BHROT27,"['ethane_st', 'ethane_ecl']","[-1, 1]",2.730000,2.785031
BHROT27,"['tmethane_60', 'tmethane_0']","[-1, 1]",7.010000,7.180652
BHROT27,"['tmethane_60', 'tmethane_120']","[-1, 1]",3.460000,3.914056
BHROT27,"['tmethane_180', 'tmethane_120']","[-1, 1]",3.720000,3.866755
BHROT27,"['methanol_st', 'methanol_ecl']","[-1, 1]",1.010000,1.431511
BHROT27,"['methylamine_st', 'methylamine_ecl']","[-1, 1]",2.280000,3.338775
BHROT27,"['h2o2', 'h2o2_trans']","[-1, 1]",1.010000,1.212759
BHROT27,"['h2o2', 'h2o2_cis']","[-1, 1]",7.170000,8.890261
BHROT27,"['h2s2', 'h2s2_trans']","[-1, 1]",5.790000,5.992799
BHROT27,"['h2s2', 'h2s2_cis']","[-1, 1]",8.030000,8.841155
BHROT27,"['n2h4_st1', 'n2h4_ecl1']","[-1, 1]",1.620000,2.012199
BHROT27,"['n2h4_st1', 'n2h4_ecl2']","[-1, 1]",8.410000,10.838085
BHROT27,"['nh2oh_st1', 'nh2oh_ecl']","[-1, 1]",6.910000,8.461481
BHROT27,"['nh2oh_st2', 'nh2oh_ecl']","[-1, 1]",2.680000,3.521352
BHROT27,"['acetamide_RC', 'acetamide_TS1']","[-1, 1]",17.240000,19.089925
BHROT27,"['acetamide_RC', 'acetamide_TS2']","[-1, 1]",14.520000,16.326789
BHROT27,"['biphenyl', 'biphenyl_TS']","[-1, 1]",2.100000,2.533338
BHROT27,"['bifuran_anti', 'bifuran_TS']","[-1, 1]",3.890000,5.155921
BHROT27,"['bifuran_syn', 'bifuran_TS']","[-1, 1]",2.090000,3.110507
BHROT27,"['bithiophene_anti', 'bithiophene_TS']","[-1, 1]",1.780000,1.805730
BHROT27,"['bithiophene_syn', 'bithiophene_TS']","[-1, 1]",1.390000,1.419436
BHROT27,"['butadiene_strans', 'butadiene_TS']","[-1, 1]",6.300000,6.563561
BHROT27,"['butadiene_scis', 'butadiene_TS']","[-1, 1]",3.350000,3.553866
BHROT27,"['ethylthiourea_180', 'ethylthiourea_TS1']","[-1, 1]",10.360000,10.976446
BHROT27,"['ethylthiourea_0', 'ethylthiourea_TS1']","[-1, 1]",10.240000,10.750259
BHROT27,"['ethylthiourea_180', 'ethylthiourea_TS2']","[-1, 1]",17.200000,18.473573
BHROT27,"['ethylthiourea_0', 'ethylthiourea_TS2']","[-1, 1]",17.080000,18.247386
BSR36,"['c2h6', 'h1', 'ch4']","[5, -1, -4]",9.540000,10.229560
BSR36,"['c2h6', 'h2', 'ch4']","[5, -1, -4]",9.500000,9.661114
BSR36,"['c2h6', 'h3', 'ch4']","[5, -1, -4]",11.090000,11.840701
BSR36,"['c2h6', 'h4', 'ch4']","[5, -1, -4]",8.850000,9.123328
BSR36,"['c2h6', 'h5', 'ch4']","[5, -1, -4]",8.640000,8.543080
BSR36,"['c2h6', 'h6', 'ch4']","[6, -1, -5]",10.810000,10.681575
BSR36,"['c2h6', 'h7', 'ch4']","[6, -1, -5]",12.740000,13.140244
BSR36,"['c2h6', 'h8', 'ch4']","[6, -1, -5]",11.700000,11.826228
BSR36,"['c2h6', 'h9', 'ch4']","[6, -1, -5]",13.200000,13.861808
BSR36,"['c2h6', 'h10', 'ch4']","[6, -1, -5]",11.070000,11.777301
BSR36,"['c2h6', 'h11', 'ch4']","[6, -1, -5]",12.490000,13.456513
BSR36,"['c2h6', 'h12', 'ch4']","[6, -1, -5]",12.350000,13.208555
BSR36,"['c2h6', 'h13', 'ch4']","[6, -1, -5]",10.990000,11.202709
BSR36,"['c2h6', 'h14', 'ch4']","[6, -1, -5]",9.830000,10.050260
BSR36,"['c2h6', 'h15', 'ch4']","[7, -1, -6]",14.270000,15.549021
BSR36,"['c2h6', 'r1', 'ch4']","[5, -1, -5]",2.240000,2.764974
BSR36,"['c2h6', 'r2', 'ch4']","[6, -1, -6]",10.560000,11.709602
BSR36,"['c2h6', 'r3', 'ch4']","[6, -1, -6]",6.110000,7.007322
BSR36,"['c2h6', 'r4', 'ch4']","[7, -1, -7]",14.670000,15.870870
BSR36,"['c2h6', 'r5', 'ch4']","[7, -1, -7]",10.210000,11.775265
BSR36,"['c2h6', 'r6', 'ch4']","[7, -1, -7]",9.780000,11.000155
BSR36,"['c2h6', 'r7', 'ch4']","[7, -1, -7]",8.720000,10.222118
BSR36,"['c2h6', 'r8', 'ch4']","[7, -1, -7]",10.100000,11.391624
BSR36,"['c2h6', 'r9', 'ch4']","[7, -1, -7]",9.470000,10.661275
BSR36,"['c2h6', 'r10', 'ch4']","[11, -1, -12]",18.550000,21.398231
BSR36,"['c2h6', 'r11', 'ch4']","[11, -1, -12]",8.930000,11.808947
BSR36,"['c2h6', 'r12', 'ch4']","[11, -1, -12]",14.560000,16.655413
BSR36,"['c2h6', 'r13', 'ch4']","[11, -1, -12]",25.520000,27.854672
BSR36,"['c2h6', 'r14', 'ch4']","[11, -1, -12]",22.860000,25.787785
BSR36,"['c2h6', 'r15', 'ch4']","[13, -1, -14]",27.250000,29.843547
BSR36,"['c2h6', 'r16', 'ch4']","[12, -1, -12]",24.960000,26.084022
BSR36,"['c2h6', 'c1', 'ch4']","[12, -1, -14]",26.820000,31.652381
BSR36,"['c2h6', 'c2', 'ch4']","[14, -1, -16]",38.340000,43.856686
BSR36,"['c2h6', 'c3', 'ch4']","[14, -1, -16]",31.090000,36.439756
BSR36,"['c2h6', 'c4', 'ch4']","[16, -1, -18]",49.820000,56.102729
BSR36,"['c2h6', 'c5', 'ch4']","[18, -1, -22]",45.460000,53.951903
BUT14DIOL,"['B1', 'B2']","[-1, 1]",0.150000,-0.377314
BUT14DIOL,"['B1', 'B3']","[-1, 1]",0.300000,0.764772
BUT14DIOL,"['B1', 'B4']","[-1, 1]",1.310000,1.560977
BUT14DIOL,"['B1', 'B5']","[-1, 1]",1.440000,1.920927
BUT14DIOL,"['B1', 'B6']","[-1, 1]",1.720000,1.759743
BUT14DIOL,"['B1', 'B7']","[-1, 1]",2.070000,1.454971
BUT14DIOL,"['B1', 'B8']","[-1, 1]",1.770000,2.818934
BUT14DIOL,"['B1', 'B9']","[-1, 1]",2.250000,1.691772
BUT14DIOL,"['B1', 'B10']","[-1, 1]",2.030000,2.288701
BUT14DIOL,"['B1', 'B11']","[-1, 1]",2.100000,2.097513
BUT14DIOL,"['B1', 'B12']","[-1, 1]",2.000000,2.805354
BUT14DIOL,"['B1', 'B13']","[-1, 1]",2.150000,2.341714
BUT14DIOL,"['B1', 'B14']","[-1, 1]",2.220000,1.817626
BUT14DIOL,"['B1', 'B15']","[-1, 1]",2.420000,1.689931
BUT14DIOL,"['B1', 'B16']","[-1, 1]",2.230000,2.675513
BUT14DIOL,"['B1', 'B17']","[-1, 1]",2.250000,2.660660
BUT14DIOL,"['B1', 'B18']","[-1, 1]",2.580000,2.274955
BUT14DIOL,"['B1', 'B19']","[-1, 1]",2.590000,2.221147
BUT14DIOL,"['B1', 'B20']","[-1, 1]",2.630000,2.375958
BUT14DIOL,"['B1', 'B21']","[-1, 1]",2.480000,2.789378
BUT14DIOL,"['B1', 'B22']","[-1, 1]",2.740000,2.324215
BUT14DIOL,"['B1', 'B23']","[-1, 1]",2.550000,2.953191
BUT14DIOL,"['B1', 'B24']","[-1, 1]",2.530000,3.498700
BUT14DIOL,"['B1', 'B25']","[-1, 1]",2.720000,2.592668
BUT14DIOL,"['B1', 'B26']","[-1, 1]",2.690000,2.513543
BUT14DIOL,"['B1', 'B27']","[-1, 1]",2.490000,3.385377
BUT14DIOL,"['B1', 'B28']","[-1, 1]",2.720000,3.056256
BUT14DIOL,"['B1', 'B29']","[-1, 1]",2.830000,2.513170
BUT14DIOL,"['B1', 'B30']","[-1, 1]",2.850000,2.418780
BUT14DIOL,"['B1', 'B31']","[-1, 1]",2.850000,2.418642
BUT14DIOL,"['B1', 'B32']","[-1, 1]",2.520000,3.455334
BUT14DIOL,"['B1', 'B33']","[-1, 1]",2.630000,3.041055
BUT14DIOL,"['B1', 'B34']","[-1, 1]",3.100000,2.515656
BUT14DIOL,"['B1', 'B35']","[-1, 1]",2.720000,2.525269
BUT14DIOL,"['B1', 'B36']","[-1, 1]",2.830000,3.062710
BUT14DIOL,"['B1', 'B37']","[-1, 1]",2.790000,2.676073
BUT14DIOL,"['B1', 'B38']","[-1, 1]",2.790000,2.926981
BUT14DIOL,"['B1', 'B39']","[-1, 1]",3.060000,2.577385
BUT14DIOL,"['B1', 'B40']","[-1, 1]",3.100000,3.882749
BUT14DIOL,"['B1', 'B41']","[-1, 1]",3.300000,3.419572
BUT14DIOL,"['B1', 'B42']","[-1, 1]",3.150000,4.210733
BUT14DIOL,"['B1', 'B43']","[-1, 1]",3.290000,3.585877
BUT14DIOL,"['B1', 'B44']","[-1, 1]",3.590000,3.019020
BUT14DIOL,"['B1', 'B45']","[-1, 1]",3.180000,3.202767
BUT14DIOL,"['B1', 'B46']","[-1, 1]",3.180000,3.202784
BUT14DIOL,"['B1', 'B47']","[-1, 1]",3.370000,3.057617
BUT14DIOL,"['B1', 'B48']","[-1, 1]",3.450000,3.105413
BUT14DIOL,"['B1', 'B49']","[-1, 1]",3.330000,3.527136
BUT14DIOL,"['B1', 'B50']","[-1, 1]",3.330000,3.527215
BUT14DIOL,"['B1', 'B51']","[-1, 1]",3.370000,2.883912
BUT14DIOL,"['B1', 'B52']","[-1, 1]",3.610000,3.197490
BUT14DIOL,"['B1', 'B53']","[-1, 1]",3.420000,3.680757
BUT14DIOL,"['B1', 'B54']","[-1, 1]",3.150000,4.000697
BUT14DIOL,"['B1', 'B55']","[-1, 1]",3.310000,3.675604
BUT14DIOL,"['B1', 'B56']","[-1, 1]",3.450000,3.283650
BUT14DIOL,"['B1', 'B57']","[-1, 1]",3.320000,4.232455
BUT14DIOL,"['B1', 'B58']","[-1, 1]",3.570000,3.410825
BUT14DIOL,"['B1', 'B59']","[-1, 1]",3.520000,3.921841
BUT14DIOL,"['B1', 'B60']","[-1, 1]",3.500000,3.872545
BUT14DIOL,"['B1', 'B61']","[-1, 1]",3.650000,3.470191
BUT14DIOL,"['B1', 'B62']","[-1, 1]",3.780000,3.535648
BUT14DIOL,"['B1', 'B63']","[-1, 1]",4.150000,4.314176
BUT14DIOL,"['B1', 'B64']","[-1, 1]",4.310000,3.952625
BUT14DIOL,"['B1', 'B65']","[-1, 1]",4.700000,4.431951
C60ISO,"['1', '2']","[-1, 1]",37.390000,41.784705
C60ISO,"['1', '3']","[-1, 1]",55.930000,62.784004
C60ISO,"['1', '4']","[-1, 1]",55.790000,63.035163
C60ISO,"['1', '5']","[-1, 1]",68.780000,77.752452
C60ISO,"['1', '7']","[-1, 1]",106.460000,122.311719
C60ISO,"['1', '9']","[-1, 1]",136.120000,155.192791
C60ISO,"['1', '10']","[-1, 1]",158.390000,178.603272
CARBHB12,"['2O', '2O_A', '2O_B']","[-1, 1, 1]",6.047000,8.001557
CARBHB12,"['3O', '3O_A', '3O_B']","[-1, 1, 1]",2.421000,3.062626
CARBHB12,"['4O', '4O_A', '4O_B']","[-1, 1, 1]",9.967000,13.459403
CARBHB12,"['2N', '2N_A', '2N_B']","[-1, 1, 1]",3.021000,4.197156
CARBHB12,"['3N', '3N_A', '3N_B']","[-1, 1, 1]",1.205000,1.745241
CARBHB12,"['4N', '4N_A', '4N_B']","[-1, 1, 1]",4.177000,6.865938
CARBHB12,"['3CL', '3CL_A', '3CL_B']","[-1, 1, 1]",3.241000,4.181159
CARBHB12,"['4CL', '4CL_A', '4CL_B']","[-1, 1, 1]",16.296000,19.822632
CDIE20,"['R20', 'P20']","[-1, 1]",-3.300000,0.943088
CDIE20,"['R21', 'P20']","[-1, 1]",4.400000,6.422506
CDIE20,"['R22', 'P22']","[-1, 1]",-5.900000,-4.097485
CDIE20,"['R25', 'P25']","[-1, 1]",-4.800000,-0.569671
CDIE20,"['R26', 'P26']","[-1, 1]",-2.500000,1.747842
CDIE20,"['R28', 'P26']","[-1, 1]",4.000000,5.997243
CDIE20,"['R29', 'P25']","[-1, 1]",4.500000,6.352976
CDIE20,"['R40', 'P40']","[-1, 1]",1.700000,2.284812
CDIE20,"['R43', 'P43']","[-1, 1]",2.900000,3.054604
CDIE20,"['R44', 'P44']","[-1, 1]",3.700000,6.413777
CDIE20,"['R45', 'P45']","[-1, 1]",1.200000,2.669777
CDIE20,"['R46', 'P46']","[-1, 1]",3.700000,6.364554
CDIE20,"['R47', 'P47']","[-1, 1]",3.800000,6.700690
CDIE20,"['R48', 'P48']","[-1, 1]",4.400000,7.198096
CDIE20,"['R49', 'P49']","[-1, 1]",4.200000,4.692270
CDIE20,"['R51', 'P51']","[-1, 1]",1.600000,0.746676
CDIE20,"['R52', 'P52']","[-1, 1]",4.200000,4.745545
CDIE20,"['R56', 'P56']","[-1, 1]",5.900000,7.591881
CDIE20,"['R57', 'P51']","[-1, 1]",5.800000,6.849638
CDIE20,"['R60', 'P60']","[-1, 1]",8.600000,10.186673
CHB6,"['22', '22A', '22B']","[1, -1, -1]",-34.430000,-43.018291
CHB6,"['23', '23A', '23B']","[1, -1, -1]",-23.830000,-30.993689
CHB6,"['24', '24A', '24B']","[1, -1, -1]",-17.830000,-23.877148
CHB6,"['25', '25A', '25B']","[1, -1, -1]",-39.090000,-40.611284
CHB6,"['26', '26A', '26B']","[1, -1, -1]",-25.630000,-27.511499
CHB6,"['27', '27A', '27B']","[1, -1, -1]",-19.900000,-20.419702
DARC,"['ethene', 'butadiene', 'P1']","[-1, -1, 1]",-45.400000,-56.934854
DARC,"['ethine', 'butadiene', 'P2']","[-1, -1, 1]",-60.800000,-76.244537
DARC,"['ethene', 'cpdiene', 'P3']","[-1, -1, 1]",-29.900000,-38.861100
DARC,"['ethine', 'cpdiene', 'P4']","[-1, -1, 1]",-33.600000,-45.279651
DARC,"['ethene', 'chdiene', 'P5']","[-1, -1, 1]",-37.600000,-47.154061
DARC,"['ethine', 'chdiene', 'P6']","[-1, -1, 1]",-49.000000,-61.811575
DARC,"['furane', 'malein', 'P7']","[-1, -1, 1]",-14.000000,-18.941771
DARC,"['furane', 'malein', 'P7X']","[-1, -1, 1]",-15.900000,-21.049877
DARC,"['furane', 'maleinNH', 'P8']","[-1, -1, 1]",-16.800000,-21.922112
DARC,"['furane', 'maleinNH', 'P8X']","[-1, -1, 1]",-18.900000,-24.071802
DARC,"['cpdiene', 'malein', 'P9']","[-1, -1, 1]",-31.700000,-40.394640
DARC,"['cpdiene', 'malein', 'P9X']","[-1, -1, 1]",-32.200000,-40.170755
DARC,"['cpdiene', 'maleinNH', 'P10']","[-1, -1, 1]",-34.200000,-42.943974
DARC,"['cpdiene', 'maleinNH', 'P10X']","[-1, -1, 1]",-34.600000,-42.795627
DC13,"['ISO_E36', 'ISO_P36']","[1, -1]",-1.000000,0.451649
DC13,"['c20cage', 'c20bowl']","[-1, 1]",-7.700000,6.889518
DC13,"['heptatriyne', 'heptahexaene']","[1, -1]",-15.200000,-10.218541
DC13,"['tmethen', 'omcb']","[-2, 1]",-18.800000,-22.946123
DC13,"['ISO_E35', 'ISO_P35']","[1, -1]",-22.900000,-43.579133
DC13,"['carbooxo2', 'carbooxo1']","[-1, 1]",-25.700000,-2.047579
DC13,"['ethen', 'ch2n2', '13dip']","[-1, -1, 1]",-38.900000,-46.393760
DC13,"['be4', 'be']","[1, -4]",-92.000000,-106.720592
DC13,"['s2', 's8']","[-4, 1]",-106.000000,-86.329062
DC13,"['ISO_C8H8_1', 'ISO_C8H8_41']","[-1, 1]",109.920000,99.214071
DC13,"['o3', 'c2h2', 'o3_c2h2_add']","[-1, -1, 1]",-65.300000,-83.931872
DC13,"['o3', 'c2h4', 'o3_c2h4_add']","[-1, -1, 1]",-58.700000,-70.542765
DC13,"['C6Cl6', 'HCL', 'C6H6', 'CL2']","[-1, -6, 1, 6]",152.600000,146.281268
DIPCS10,"['c4h4', 'c4h4_2+']","[-1, 1]",529.200000,526.863255
DIPCS10,"['c2h6', 'c2h6_2+']","[-1, 1]",667.100000,687.431467
DIPCS10,"['c2h4', 'c2h4_2+']","[-1, 1]",655.800000,654.410321
DIPCS10,"['n2h2', 'n2h2_2+']","[-1, 1]",626.900000,636.217758
DIPCS10,"['nh3', 'nh3_2+']","[-1, 1]",776.500000,774.372387
DIPCS10,"['ch2o', 'ch2o_2+']","[-1, 1]",747.600000,763.409320
DIPCS10,"['ph3', 'ph3_2+']","[-1, 1]",649.600000,656.372052
DIPCS10,"['mg', 'mg_2+']","[-1, 1]",522.100000,523.314463
DIPCS10,"['be', 'be_2+']","[-1, 1]",634.800000,626.036213
FH51,"['C6H12O', 'H2O2', 'ethyl-g-butyrolactone', 'H2O']","[-1, -2, 1, 3]",-150.810000,-145.342382
FH51,"['C4H9NH2', 'H2O2', 'C4H9NO2', 'H2O']","[-1, -3, 1, 4]",-144.380000,-138.560280
FH51,"['C4H9CHO', 'H2O2', 'C4H9CO2H', 'H2O']","[-1, -1, 1, 1]",-89.350000,-89.402060
FH51,"['C4H9SO2H', 'H2O2', 'C4H9SO3H', 'H2O']","[-1, -1, 1, 1]",-82.550000,-67.313371
FH51,"['trans-2-pentene', 'H2O2', 'pentanediol']","[-1, -1, 1]",-78.510000,-80.255892
FH51,"['toluene', 'H2', 'methylcyclohexane']","[-1, -3, 1]",-66.960000,-81.372071
FH51,"['pentanol', 'H2O2', 'C4H9CHO', 'H2O']","[-1, -1, 1, 2]",-63.890000,-58.487122
FH51,"['C2H5O_2', 'C2H4OH_2']","[-1, 1]",-58.530000,-52.227174
FH51,"['3-hexene', 'H2O2', 'diethyloxirane', 'H2O']","[-1, -1, 1, 1]",-56.640000,-57.574182
FH51,"['S_C2H5_2', 'H2O2', 'OS_C2H5_2', 'H2O']","[-1, -1, 1, 1]",-52.850000,-38.415458
FH51,"['ax-methylcyclohexene', 'eq-methylcyclohexene']","[-1, 1]",-52.600000,-58.252276
FH51,"['hexyne', 'H2', '1-hexene']","[-1, -1, 1]",-46.720000,-54.544797
FH51,"['2-pentyne', 'H2', 'trans-2-pentene']","[-1, -1, 1]",-44.820000,-50.546098
FH51,"['2-pentyne', 'H2', 'cis-2-pentene']","[-1, -1, 1]",-43.670000,-49.608014
FH51,"['2-pentyne', 'HCN', 'C2H5CCNCHCH3']","[-1, -1, 1]",-42.890000,-51.451487
FH51,"['1-hexene', 'H2', 'n-hexane']","[-1, -1, 1]",-37.080000,-44.619526
FH51,"['1-pentyne', 'H2O', 'C4H9CHO']","[-1, -1, 1]",-34.930000,-51.944324
FH51,"['C3H7NH2', 'COCl2', 'CO_2NHC3H7_2', 'HCl']","[-2, -1, 1, 2]",-32.470000,-29.925165
FH51,"['eq-methylcyclohexene', 'H2', 'methylcyclohexane']","[-1, -1, 1]",-32.100000,-37.347556
FH51,"['trans-2-pentene', 'Cl2', 'C2H5CClCHCH3', 'HCl']","[-1, -1, 1, 1]",-31.220000,-29.941377
FH51,"['2-pentyne', 'HCl', 'C2H5CClCHCH3']","[-1, -1, 1]",-29.980000,-39.135514
FH51,"['1-pentene', 'ethene', 'Heptene']","[-1, -1, 1]",-25.840000,-31.355868
FH51,"['C4H9CHO', 'H2', 'pentanol']","[-1, -1, 1]",-23.470000,-21.947944
FH51,"['dimethyloxirane', 'H2O', 'butanediol']","[-1, -1, 1]",-22.450000,-23.430268
FH51,"['methylpyridine', 'H2', 'dimethylpyrrole']","[-1, -1, 1]",-20.270000,-25.744803
FH51,"['C4H9NCO', 'NH3', 'C4H9NHCONH2']","[-1, -1, 1]",-19.720000,-24.259779
FH51,"['C3H7CN', 'H2O', 'C3H7CONH2']","[-1, -1, 1]",-19.340000,-35.430542
FH51,"['propylfuran', 'H2S', 'propylthiophene', 'H2O']","[-1, -1, 1, 1]",-19.450000,-10.996051
FH51,"['diethylamine', 'CO', 'HCON_C2H5_2']","[-1, -1, 1]",-17.390000,-27.283551
FH51,"['C3H7NCO', 'H2O', 'C3H7NH2', 'CO2']","[-1, -1, 1, 1]",-16.980000,-22.104638
FH51,"['C3H7CO2C2H3', 'ethyl-g-butyrolactone']","[-1, 1]",-16.140000,-20.599015
FH51,"['H2C-C5-CH2', 'heptatriyne']","[-1, 1]",-14.300000,-9.560969
FH51,"['methylpyrazole', 'methylimidazole']","[-1, 1]",-13.140000,-12.820986
FH51,"['1-pentene', 'H2O', 'pentanol']","[-1, -1, 1]",-11.680000,-19.344801
FH51,"['methylfuran', 'NH3', 'methylpyrrole', 'H2O']","[-1, -1, 1, 1]",-10.700000,-7.245240
FH51,"['C3H7CHCO', 'H2CO', 'propyloxirane', 'CO']","[-1, -1, 1, 1]",-9.390000,-4.116995
FH51,"['pentanol', 'CO', 'HCO2C5H11']","[-1, -1, 1]",-8.530000,-19.710205
FH51,"['C3H7S_2', 'H2', 'C3H7SH']","[-1, -1, 2]",-6.630000,-5.843318
FH51,"['pentadiene', 'ethene', 'ax-methylcyclohexene']","[1, 1, -1]",-6.650000,-0.632967
FH51,"['hexandione', 'methyl-d-valerolactone']","[-1, 1]",-6.450000,-8.168116
FH51,"['C2H5CO2H', 'methanol', 'C2H5CO2CH3', 'H2O']","[-1, -1, 1, 1]",-5.110000,-3.013990
FH51,"['C4H9ONO', 'C4H9NO2']","[-1, 1]",-3.250000,-8.199274
FH51,"['n-hexane', 'neo-hexane']","[-1, 1]",-2.640000,-3.356725
FH51,"['methylcyclohexa-14-diene', 'methylcyclohexa-13-diene']","[-1, 1]",-2.480000,-3.552053
FH51,"['1-pentene', 'trans-2-pentene']","[-1, 1]",-2.110000,-3.519402
FH51,"['toluene', 'H2', 'methylcyclohexa-13-diene']","[-1, -1, 1]",-1.470000,-4.223085
FH51,"['cis-2-pentene', 'trans-2-pentene']","[-1, 1]",-1.150000,-0.938085
FH51,"['3-methylpentane', 'dimethylbutane']","[-1, 1]",-0.860000,-0.840120
FH51,"['C2H5CO2H', 'NH3', 'C2H5CONH2', 'H2O']","[-1, -1, 1, 1]",-0.430000,1.769076
FH51,"['n-nonane', 'tetramethylpentane']","[-1, 1]",-0.410000,-1.337038
FH51,"['C3H7CO2H', 'NH3', 'C3H7CONH2', 'H2O']","[-1, -1, 1, 1]",-0.180000,1.906614
G21EA,"['EA_c', 'EA_c-']","[1, -1]",29.200000,13.594042
G21EA,"['EA_o', 'EA_o-']","[1, -1]",33.700000,-9.600636
G21EA,"['EA_f', 'EA_f-']","[1, -1]",78.400000,29.416263
G21EA,"['EA_si', 'EA_si-']","[1, -1]",32.100000,23.593791
G21EA,"['EA_p', 'EA_p-']","[1, -1]",17.300000,-2.797977
G21EA,"['EA_s', 'EA_s-']","[1, -1]",48.000000,26.854207
G21EA,"['EA_cl', 'EA_cl-']","[1, -1]",83.500000,60.427163
G21EA,"['EA_8n', 'EA_8']","[1, -1]",27.900000,13.071866
G21EA,"['EA_9n', 'EA_9']","[1, -1]",13.400000,-10.394149
G21EA,"['EA_10n', 'EA_10']","[1, -1]",1.200000,-24.829262
G21EA,"['EA_11n', 'EA_11']","[1, -1]",8.300000,-32.698298
G21EA,"['EA_12n', 'EA_12']","[1, -1]",16.800000,-24.125445
G21EA,"['EA_13n', 'EA_13']","[1, -1]",41.700000,-6.274638
G21EA,"['EA_14n', 'EA_14']","[1, -1]",29.300000,22.581009
G21EA,"['EA_15n', 'EA_15']","[1, -1]",25.100000,20.459722
G21EA,"['EA_16n', 'EA_16']","[1, -1]",31.400000,22.947320
G21EA,"['EA_17n', 'EA_17']","[1, -1]",23.500000,3.577125
G21EA,"['EA_18n', 'EA_18']","[1, -1]",28.800000,10.199383
G21EA,"['EA_19n', 'EA_19']","[1, -1]",54.200000,32.628982
G21EA,"['EA_20n', 'EA_20']","[1, -1]",9.500000,-15.550196
G21EA,"['EA_21n', 'EA_21']","[1, -1]",-0.200000,-14.112891
G21EA,"['EA_22n', 'EA_22']","[1, -1]",89.500000,79.076227
G21EA,"['EA_23n', 'EA_23']","[1, -1]",24.900000,14.305253
G21EA,"['EA_24n', 'EA_24']","[1, -1]",38.000000,28.448430
G21EA,"['EA_25n', 'EA_25']","[1, -1]",54.700000,53.332051
G21IP,['h'],[-1],314.900000,311.777956
G21IP,"['li+', 'li']","[1, -1]",123.300000,125.826119
G21IP,"['be+', 'be']","[1, -1]",214.900000,207.545719
G21IP,"['b+', 'b']","[1, -1]",190.400000,200.164057
G21IP,"['c+', 'c']","[1, -1]",259.600000,267.238777
G21IP,"['n+', 'n']","[1, -1]",335.300000,340.617575
G21IP,"['o+', 'o']","[1, -1]",313.800000,315.532374
G21IP,"['f+', 'f']","[1, -1]",401.700000,400.013356
G21IP,"['na+', 'na']","[1, -1]",118.500000,119.951273
G21IP,"['mg+', 'mg']","[1, -1]",176.300000,175.770175
G21IP,"['al+', 'al']","[1, -1]",138.000000,141.766346
G21IP,"['si+', 'si']","[1, -1]",188.000000,191.471249
G21IP,"['p+', 'p']","[1, -1]",241.900000,245.222440
G21IP,"['s+', 's']","[1, -1]",239.000000,241.898373
G21IP,"['cl+', 'cl']","[1, -1]",299.100000,301.613621
G21IP,"['IP_59', '8']","[1, -1]",296.339000,297.740228
G21IP,"['IP_60', '11']","[1, -1]",235.690000,227.062629
G21IP,"['IP_61', '12']","[1, -1]",300.917000,296.012625
G21IP,"['IP_62', '13']","[1, -1]",292.648000,281.360020
G21IP,"['IP_63', '14']","[1, -1]",371.311000,360.075988
G21IP,"['IP_64', '18']","[1, -1]",255.387000,260.991339
G21IP,"['IP_65', 'IP_n65']","[1, -1]",234.107000,240.017808
G21IP,"['IP_66', '19']","[1, -1]",226.367000,233.651094
G21IP,"['IP_67', '20']","[1, -1]",227.822000,227.651181
G21IP,"['IP_68', '137']","[1, -1]",239.300000,241.182849
G21IP,"['IP_70', '22']","[1, -1]",294.459000,294.797481
G21IP,"['IP_71', '25']","[1, -1]",264.585000,259.346103
G21IP,"['IP_72', '26']","[1, -1]",243.709000,238.002349
G21IP,"['IP_73', '30']","[1, -1]",322.986000,326.479074
G21IP,"['IP_74', '34']","[1, -1]",359.365000,368.772457
G21IP,"['IP_75', '37']","[1, -1]",277.727000,291.913987
G21IP,"['IP_76', '43']","[1, -1]",242.854000,255.181213
G21IP,"['IP_77', '44']","[1, -1]",215.737000,228.983970
G21IP,"['IP_78', '45']","[1, -1]",265.083000,272.295266
G21IP,"['IP_79', '51']","[1, -1]",291.699000,294.437963
G21IP,"['IP_80', '48']","[1, -1]",261.153000,266.240454
G2RC,"['118', '117', '13']","[-1, 1, 1]",-2.230000,-6.182766
G2RC,"['40', '1', '104']","[-1, -1, 1]",-2.260000,0.399929
G2RC,"['113', '30', '8']","[-1, 1, 1]",-2.180000,1.916848
G2RC,"['52', '1', '18']","[-1, -1, 2]",-4.100000,-4.123918
G2RC,"['30', '13', '40', '1']","[-1, -1, 1, 1]",-7.100000,-21.973480
G2RC,"['128', '13', '126', '22']","[-1, -1, 1, 1]",-10.700000,-13.190775
G2RC,"['100', '13', '106']","[-1, -1, 1]",-19.470000,-35.018183
G2RC,"['25', '14', '121']","[-1, -1, 1]",-26.970000,-44.611893
G2RC,"['39', '45', '51']","[-1, -1, 2]",-27.300000,-30.903714
G2RC,"['58', '59', '57', '60']","[-1, -1, 1, 1]",-27.150000,-27.879823
G2RC,"['67', '61', '66', '62']","[-1, -1, 1, 1]",-24.890000,0.933876
G2RC,"['32', '1', '33']","[-1, -1, 1]",-29.460000,-30.095480
G2RC,"['25', '26', '88']","[-1, -1, 1]",-32.710000,-47.339819
G2RC,"['47', '1', '18', '13']","[-1, -3, 1, 1]",-36.320000,-46.463600
G2RC,"['34', '1', '11']","[-1, -3, 2]",-39.430000,-45.547429
G2RC,"['8', '45', '97', '22']","[-1, -2, 1, 2]",-48.520000,-39.183006
G2RC,"['25', '1', '26']","[-1, -1, 1]",-49.200000,-59.512012
G2RC,"['56', '1', '21', '13']","[-1, -3, 1, 2]",-61.670000,-72.431308
G2RC,"['30', '1', '13', '8']","[-1, -3, 1, 1]",-65.150000,-71.835685
G2RC,"['73', '1', '39', '13']","[-1, -1, 1, 1]",-68.900000,-61.166220
G2RC,"['68', '1', '34', '13']","[-1, -1, 1, 1]",-81.210000,-65.278695
G2RC,"['1', '39', '14']","[-1, -1, 2]",-135.400000,-120.331105
G2RC,"['25', '94']","[-3, 1]",-154.040000,-187.191677
G2RC,"['23', '39', '24']","[-1, -1, 2]",-216.110000,-209.650479
HAL59,"['PCH_PhBr', 'PCH', 'PhBr']","[-1, 1, 1]",0.850000,0.846067
HAL59,"['NCH_PhBr', 'NCH', 'PhBr']","[-1, 1, 1]",1.150000,1.387686
HAL59,"['NH3_PhBr', 'NH3', 'PhBr']","[-1, 1, 1]",2.020000,3.603722
HAL59,"['MeI_PCH', 'MeI', 'PCH']","[-1, 1, 1]",0.850000,0.928290
HAL59,"['MeI_NCH', 'MeI', 'NCH']","[-1, 1, 1]",1.420000,2.147294
HAL59,"['MeI_NH3', 'MeI', 'NH3']","[-1, 1, 1]",2.730000,5.588376
HAL59,"['PCH_PhI', 'PCH', 'PhI']","[-1, 1, 1]",0.920000,0.982196
HAL59,"['NCH_PhI', 'NCH', 'PhI']","[-1, 1, 1]",1.870000,2.647984
HAL59,"['NH3_PhI', 'NH3', 'PhI']","[-1, 1, 1]",3.330000,6.365355
HAL59,"['PCH_F3CI', 'PCH', 'F3CI']","[-1, 1, 1]",0.890000,1.079644
HAL59,"['NCH_F3CI', 'NCH', 'F3CI']","[-1, 1, 1]",3.610000,4.344489
HAL59,"['NH3_F3CI', 'NH3', 'F3CI']","[-1, 1, 1]",5.880000,9.786093
HAL59,"['BrBr_PCH', 'BrBr', 'PCH']","[-1, 1, 1]",1.180000,1.444612
HAL59,"['BrBr_NCH', 'BrBr', 'NCH']","[-1, 1, 1]",3.610000,4.279710
HAL59,"['BrBr_NH3', 'BrBr', 'NH3']","[-1, 1, 1]",7.290000,11.815858
HAL59,"['PCH_NBS', 'PCH', 'NBS']","[-1, 1, 1]",1.190000,1.264959
HAL59,"['NCH_NBS', 'NCH', 'NBS']","[-1, 1, 1]",4.320000,4.601112
HAL59,"['NH3_NBS', 'NH3', 'NBS']","[-1, 1, 1]",8.020000,11.323238
HAL59,"['PCH_FCl', 'PCH', 'FCl']","[-1, 1, 1]",1.160000,1.587631
HAL59,"['NCH_FCl', 'NCH', 'FCl']","[-1, 1, 1]",4.810000,5.707412
HAL59,"['NH3_FCl', 'NH3', 'FCl']","[-1, 1, 1]",10.540000,14.629186
HAL59,"['PCH_NIS', 'PCH', 'NIS']","[-1, 1, 1]",1.530000,1.846513
HAL59,"['NCH_NIS', 'NCH', 'NIS']","[-1, 1, 1]",5.910000,7.374725
HAL59,"['NH3_NIS', 'NH3', 'NIS']","[-1, 1, 1]",10.990000,17.089840
HAL59,"['PCH_FBr', 'PCH', 'FBr']","[-1, 1, 1]",2.070000,2.333751
HAL59,"['NCH_FBr', 'NCH', 'FBr']","[-1, 1, 1]",7.530000,7.588480
HAL59,"['NH3_FBr', 'NH3', 'FBr']","[-1, 1, 1]",15.300000,17.523106
HAL59,"['FI_PCH', 'FI', 'PCH']","[-1, 1, 1]",2.740000,3.251259
HAL59,"['FI_NCH', 'FI', 'NCH']","[-1, 1, 1]",9.330000,10.427443
HAL59,"['FI_NH3', 'FI', 'NH3']","[-1, 1, 1]",17.110000,21.713414
HAL59,"['MeI_FCCH', 'MeI', 'FCCH']","[-1, 1, 1]",0.500000,0.365957
HAL59,"['BrBr_FCCH', 'BrBr', 'FCCH']","[-1, 1, 1]",0.740000,0.258563
HAL59,"['FI_FCCH', 'FI', 'FCCH']","[-1, 1, 1]",0.290000,-0.083452
HAL59,"['MeI_FMe', 'MeI', 'FMe']","[-1, 1, 1]",1.700000,2.352252
HAL59,"['BrBr_FMe', 'BrBr', 'FMe']","[-1, 1, 1]",2.870000,3.211319
HAL59,"['FI_FMe', 'FI', 'FMe']","[-1, 1, 1]",5.970000,6.955600
HAL59,"['MeI_OCH2', 'MeI', 'OCH2']","[-1, 1, 1]",2.390000,3.057900
HAL59,"['BrBr_OCH2', 'BrBr', 'OCH2']","[-1, 1, 1]",4.410000,5.180226
HAL59,"['FI_OCH2', 'FI', 'OCH2']","[-1, 1, 1]",9.940000,10.827060
HAL59,"['MeI_OPH3', 'MeI', 'OPH3']","[-1, 1, 1]",3.340000,4.571723
HAL59,"['BrBr_OPH3', 'BrBr', 'OPH3']","[-1, 1, 1]",5.950000,7.902518
HAL59,"['FI_OPH3', 'FI', 'OPH3']","[-1, 1, 1]",13.360000,15.930108
HAL59,"['MeI_pyr', 'MeI', 'pyr']","[-1, 1, 1]",3.610000,4.915166
HAL59,"['BrBr_pyr', 'BrBr', 'pyr']","[-1, 1, 1]",9.070000,10.646755
HAL59,"['FI_pyr', 'FI', 'pyr']","[-1, 1, 1]",20.340000,20.204050
HAL59,"['11_benF3-benA', '11_benF3-benB', '11_benF3-benAB']","[1, 1, -1]",4.400000,4.506687
HAL59,"['12_benF6-benA', '12_benF6-benB', '12_benF6-benAB']","[1, 1, -1]",6.120000,6.381341
HAL59,"['19_benCl-acetoneA', '19_benCl-acetoneB', '19_benCl-acetoneAB']","[1, 1, -1]",1.490000,1.900793
HAL59,"['20_benBr-acetoneA', '20_benBr-acetoneB', '20_benBr-acetoneAB']","[1, 1, -1]",2.430000,3.024265
HAL59,"['21_benI-acetoneA', '21_benI-acetoneB', '21_benI-acetoneAB']","[1, 1, -1]",3.460000,4.756921
HAL59,"['22_benCl-Nm3A', '22_benCl-Nm3B', '22_benCl-Nm3AB']","[1, 1, -1]",2.110000,2.747853
HAL59,"['23_benBr-Nm3A', '23_benBr-Nm3B', '23_benBr-Nm3AB']","[1, 1, -1]",3.780000,4.660355
HAL59,"['24_benI-Nm3A', '24_benI-Nm3B', '24_benI-Nm3AB']","[1, 1, -1]",5.810000,7.506149
HAL59,"['25_benBr-mSHA', '25_benBr-mSHB', '25_benBr-mSHAB']","[1, 1, -1]",2.320000,2.844776
HAL59,"['26_benI-mSHA', '26_benI-mSHB', '26_benI-mSHAB']","[1, 1, -1]",3.080000,4.347644
HAL59,"['27_CH3Br-benA', '27_CH3Br-benB', '27_CH3Br-benAB']","[1, 1, -1]",1.810000,1.580084
HAL59,"['28_CH3I-benA', '28_CH3I-benB', '28_CH3I-benAB']","[1, 1, -1]",2.480000,2.502638
HAL59,"['29_CF3Br-benA', '29_CF3Br-benB', '29_CF3Br-benAB']","[1, 1, -1]",3.110000,3.204876
HAL59,"['30_CF3I-benA', '30_CF3I-benB', '30_CF3I-benAB']","[1, 1, -1]",3.910000,4.278648
HEAVY28,"['bih3_2', 'bih3']","[-1, 2]",1.160000,0.706718
HEAVY28,"['bih3_h2o', 'bih3', 'h2o']","[-1, 1, 1]",2.490000,4.222514
HEAVY28,"['bih3_h2s', 'bih3', 'h2s']","[-1, 1, 1]",1.360000,1.375115
HEAVY28,"['bih3_hcl', 'bih3', 'hcl']","[-1, 1, 1]",0.770000,0.723291
HEAVY28,"['bih3_hbr', 'bih3', 'hbr']","[-1, 1, 1]",0.980000,0.904088
HEAVY28,"['bih3_hi', 'bih3', 'hi']","[-1, 1, 1]",1.300000,1.136268
HEAVY28,"['bih3_nh3', 'bih3', 'nh3']","[-1, 1, 1]",0.600000,1.189486
HEAVY28,"['pbh4_2', 'pbh4']","[-1, 2]",1.250000,0.645588
HEAVY28,"['pbh4_bih3', 'pbh4', 'bih3']","[-1, 1, 1]",0.550000,0.379435
HEAVY28,"['pbh4_h2o', 'pbh4', 'h2o']","[-1, 1, 1]",0.360000,0.528536
HEAVY28,"['pbh4_hcl', 'pbh4', 'hcl']","[-1, 1, 1]",0.750000,0.552482
HEAVY28,"['pbh4_hbr', 'pbh4', 'hbr']","[-1, 1, 1]",0.930000,0.530895
HEAVY28,"['pbh4_hi', 'pbh4', 'hi']","[-1, 1, 1]",1.180000,0.574171
HEAVY28,"['pbh4_teh2', 'pbh4', 'teh2']","[-1, 1, 1]",0.650000,0.401268
HEAVY28,"['sbh3_2', 'sbh3']","[-1, 2]",1.280000,0.821220
HEAVY28,"['sbh3_h2o', 'sbh3', 'h2o']","[-1, 1, 1]",1.570000,1.464780
HEAVY28,"['sbh3_h2s', 'sbh3', 'h2s']","[-1, 1, 1]",1.060000,1.075033
HEAVY28,"['sbh3_hcl', 'sbh3', 'hcl']","[-1, 1, 1]",2.020000,1.869016
HEAVY28,"['sbh3_hbr', 'sbh3', 'hbr']","[-1, 1, 1]",1.890000,1.805571
HEAVY28,"['sbh3_hi', 'sbh3', 'hi']","[-1, 1, 1]",1.490000,1.517152
HEAVY28,"['sbh3_nh3', 'sbh3', 'nh3']","[-1, 1, 1]",2.840000,5.310768
HEAVY28,"['teh2_2', 'teh2']","[-1, 2]",0.520000,0.158185
HEAVY28,"['teh2_h2o', 'teh2', 'h2o']","[-1, 1, 1]",0.680000,1.318212
HEAVY28,"['teh2_h2s', 'teh2', 'h2s']","[-1, 1, 1]",0.480000,0.459720
HEAVY28,"['teh2_hcl', 'teh2', 'hcl']","[-1, 1, 1]",1.230000,2.253326
HEAVY28,"['teh2_hbr', 'teh2', 'hbr']","[-1, 1, 1]",1.220000,1.425994
HEAVY28,"['teh2_hi', 'teh2', 'hi']","[-1, 1, 1]",0.800000,0.635900
HEAVY28,"['teh2_nh3', 'teh2', 'nh3']","[-1, 1, 1]",3.350000,6.349125
HEAVYSB11,"['geh3', 'ge2h6']","[2, -1]",73.820000,73.071978
HEAVYSB11,"['snme3', 'sn2me6']","[2, -1]",61.740000,61.785590
HEAVYSB11,"['pbme3', 'pb2me6']","[2, -1]",52.920000,50.031467
HEAVYSB11,"['sh', 'h2s2']","[2, -1]",67.850000,62.159489
HEAVYSB11,"['seh', 'h2se2']","[2, -1]",58.370000,55.175398
HEAVYSB11,"['teme', 'te2me2']","[2, -1]",52.910000,49.706265
HEAVYSB11,"['pme2', 'p2me4']","[2, -1]",61.850000,57.642325
HEAVYSB11,"['asme2', 'as2me4']","[2, -1]",52.180000,49.596861
HEAVYSB11,"['sbme2', 'sb2me4']","[2, -1]",43.790000,43.043778
HEAVYSB11,"['cl', 'cl2']","[2, -1]",59.650000,50.521169
HEAVYSB11,"['br', 'br2']","[2, -1]",53.170000,46.828753
ICONF,"['N3H5_1', 'N3H5_2']","[-1, 1]",0.900000,1.040920
ICONF,"['N3H5_1', 'N3H5_3']","[-1, 1]",5.290000,6.124915
ICONF,"['N4H6_1', 'N4H6_2']","[-1, 1]",0.130000,1.565107
ICONF,"['N4H6_1', 'N4H6_3']","[-1, 1]",2.330000,3.720463
ICONF,"['N3P3H12_1', 'N3P3H12_2']","[-1, 1]",12.160000,13.099967
ICONF,"['SI5H12_1', 'SI5H12_2']","[-1, 1]",0.100000,0.196486
ICONF,"['SI5H12_1', 'SI5H12_3']","[-1, 1]",1.030000,0.977311
ICONF,"['SI5H12_1', 'SI5H12_4']","[-1, 1]",3.510000,3.324394
ICONF,"['SI6H12_1', 'SI6H12_2']","[-1, 1]",1.690000,1.504677
ICONF,"['P7H7_1', 'P7H7_2']","[-1, 1]",1.400000,1.207133
ICONF,"['S4O4_1', 'S4O4_2']","[-1, 1]",4.390000,3.932536
ICONF,"['S8_1', 'S8_2']","[-1, 1]",9.160000,8.037286
ICONF,"['H2S2O7_1', 'H2S2O7_2']","[-1, 1]",0.550000,0.663956
ICONF,"['H2S2O7_1', 'H2S2O7_3']","[-1, 1]",3.550000,1.924798
ICONF,"['H4P2O7_1', 'H4P2O7_2']","[-1, 1]",1.330000,1.791167
ICONF,"['H4P2O7_1', 'H4P2O7_3']","[-1, 1]",3.660000,2.917128
ICONF,"['H4P2O7_1', 'H4P2O7_4']","[-1, 1]",4.350000,3.214648
IDISP,"['antdimer', 'ant']","[1, -2]",-9.150000,-13.903037
IDISP,"['pxylene', 'pc22', 'h2']","[2, -1, -2]",-60.280000,-66.520947
IDISP,"['octane1', 'octane2']","[1, -1]",-1.210000,-2.665560
IDISP,"['undecan1', 'undecan2']","[1, -1]",9.100000,7.763244
IDISP,"['F14f', 'F14l']","[-1, 1]",-3.640000,-3.734659
IDISP,"['F22f', 'F22l']","[-1, 1]",-1.960000,-2.351476
IL16,"['008', '008A', '008B']","[1, -1, -1]",-100.410000,-114.453017
IL16,"['144', '144A', '144B']","[1, -1, -1]",-120.800000,-124.638791
IL16,"['147', '147A', '147B']","[1, -1, -1]",-116.910000,-120.314847
IL16,"['148', '148A', '148B']","[1, -1, -1]",-105.010000,-117.186814
IL16,"['150', '150A', '150B']","[1, -1, -1]",-104.440000,-108.961429
IL16,"['152', '152A', '152B']","[1, -1, -1]",-87.420000,-89.390574
IL16,"['187', '187A', '187B']","[1, -1, -1]",-114.000000,-127.329936
IL16,"['202', '202A', '202B']","[1, -1, -1]",-113.510000,-126.335713
IL16,"['212', '212A', '212B']","[1, -1, -1]",-114.910000,-127.476874
IL16,"['213', '213A', '213B']","[1, -1, -1]",-112.750000,-116.503159
IL16,"['214', '214A', '214B']","[1, -1, -1]",-104.470000,-105.446929
IL16,"['227', '227A', '227B']","[1, -1, -1]",-118.190000,-131.194178
IL16,"['228', '228A', '228B']","[1, -1, -1]",-112.020000,-114.653056
IL16,"['229', '229A', '229B']","[1, -1, -1]",-106.530000,-108.524796
IL16,"['230', '230A', '230B']","[1, -1, -1]",-110.980000,-114.319163
IL16,"['231', '231A', '231B']","[1, -1, -1]",-102.370000,-104.005289
INV24,"['H2O', 'H2O_TS']","[-1, 1]",31.700000,33.744598
INV24,"['H2S', 'H2S_TS']","[-1, 1]",69.300000,74.436222
INV24,"['SO2', 'SO2_TS']","[-1, 1]",60.600000,74.698333
INV24,"['Ether', 'Ether_TS']","[-1, 1]",37.000000,34.120681
INV24,"['Thioether', 'Thioether_TS']","[-1, 1]",74.200000,78.454176
INV24,"['NMe3', 'NMe3_TS']","[-1, 1]",9.700000,7.326798
INV24,"['NCl3', 'NCl3_TS']","[-1, 1]",18.900000,15.971076
INV24,"['PMe3', 'PMe3_TS']","[-1, 1]",43.200000,43.005834
INV24,"['PH2Ph', 'PH2Ph_TS']","[-1, 1]",31.200000,33.049344
INV24,"['PPh3', 'PPh3_TS']","[-1, 1]",29.300000,28.567503
INV24,"['Dibenzocycloheptene', 'Dibenzocycloheptene_TS']","[-1, 1]",10.300000,10.915392
INV24,"['Tetrahelicene', 'Tetrahelicene_TS']","[-1, 1]",4.500000,4.845910
INV24,"['Pentahelicene', 'Pentahelicene_TS']","[-1, 1]",24.700000,26.695069
INV24,"['Hexahelicene', 'Hexahelicene_TS']","[-1, 1]",37.600000,39.960356
INV24,"['Dibenzocarbazole', 'Dibenzocarbazole_TS']","[-1, 1]",4.100000,4.381413
INV24,"['Methinecyanine', 'Methinecyanine_TS']","[-1, 1]",13.100000,13.138487
INV24,"['Corannulene', 'Corannulene_TS']","[-1, 1]",11.200000,9.721227
INV24,"['BN_Corannulene', 'BN_Corannulene_TS']","[-1, 1]",6.200000,4.744750
INV24,"['Sumanene', 'Sumanene_TS']","[-1, 1]",21.300000,19.955642
INV24,"['Triazasumanene', 'Triazasumanene_TS']","[-1, 1]",42.300000,42.649487
INV24,"['BN_Sumanene', 'BN_Sumanene_TS']","[-1, 1]",27.200000,26.608734
INV24,"['Tetrabenzopyracylene', 'Tetrabenzopyracylene_TS']","[-1, 1]",8.400000,6.674163
INV24,"['Triindenotriphenylene', 'Triindenotriphenylene_TS']","[-1, 1]",68.600000,70.109205
ISO34,"['E1', 'P1']","[-1, 1]",1.490000,-1.008914
ISO34,"['E1', 'P2']","[-1, 1]",23.360000,19.571196
ISO34,"['E3', 'P3']","[-1, 1]",7.270000,3.562448
ISO34,"['E4', 'P4']","[-1, 1]",1.060000,0.817115
ISO34,"['E5', 'E4']","[-1, 1]",1.230000,1.176687
ISO34,"['E4', 'P6']","[-1, 1]",2.490000,3.700506
ISO34,"['E7', 'P7']","[-1, 1]",11.150000,6.802993
ISO34,"['E8', 'P8']","[-1, 1]",22.590000,23.658927
ISO34,"['E9', 'P9']","[-1, 1]",6.540000,8.231948
ISO34,"['E10', 'P10']","[-1, 1]",3.800000,4.377716
ISO34,"['E11', 'P11']","[-1, 1]",1.580000,2.693830
ISO34,"['E12', 'P12']","[-1, 1]",45.650000,49.568972
ISO34,"['E13', 'P13']","[-1, 1]",36.850000,40.165090
ISO34,"['E14', 'P14']","[-1, 1]",24.580000,24.401681
ISO34,"['E15', 'P15']","[-1, 1]",8.250000,6.658587
ISO34,"['E16', 'P16']","[-1, 1]",10.020000,9.271700
ISO34,"['E17', 'P17']","[-1, 1]",28.510000,23.939313
ISO34,"['E18', 'P18']","[-1, 1]",11.680000,12.840742
ISO34,"['E19', 'E20']","[-1, 1]",4.580000,4.857503
ISO34,"['E20', 'P20']","[-1, 1]",18.120000,18.844200
ISO34,"['E21', 'P21']","[-1, 1]",1.160000,1.074692
ISO34,"['E22', 'E21']","[-1, 1]",4.650000,-0.465802
ISO34,"['E23', 'P23']","[-1, 1]",5.540000,3.498721
ISO34,"['E24', 'P24']","[-1, 1]",12.260000,11.837185
ISO34,"['E25', 'P25']","[-1, 1]",26.140000,28.692072
ISO34,"['E26', 'P26']","[-1, 1]",17.140000,19.653045
ISO34,"['E27', 'P27']","[-1, 1]",66.060000,60.707988
ISO34,"['E28', 'P28']","[-1, 1]",31.260000,34.080057
ISO34,"['E29', 'P29']","[-1, 1]",13.050000,15.023348
ISO34,"['E30', 'P30']","[-1, 1]",9.980000,10.571366
ISO34,"['E31', 'P31']","[-1, 1]",15.230000,19.770018
ISO34,"['E32', 'P32']","[-1, 1]",6.640000,8.648518
ISO34,"['E33', 'P33']","[-1, 1]",8.700000,7.193339
ISO34,"['E34', 'P34']","[-1, 1]",6.770000,11.466269
ISOL24,"['i1e', 'i1p']","[-1, 1]",71.530000,66.243380
ISOL24,"['i2e', 'i2p']","[-1, 1]",38.130000,43.122624
ISOL24,"['i3e', 'i3p']","[-1, 1]",10.290000,10.925578
ISOL24,"['i4e', 'i4p']","[-1, 1]",69.030000,74.297203
ISOL24,"['i5e', 'i5p']","[-1, 1]",32.850000,43.592695
ISOL24,"['i6e', 'i6p']","[-1, 1]",24.140000,32.517258
ISOL24,"['i7e', 'i7p']","[-1, 1]",17.720000,21.312730
ISOL24,"['i8e', 'i8p']","[-1, 1]",23.930000,14.251240
ISOL24,"['i9e', 'i9p']","[-1, 1]",21.100000,23.048326
ISOL24,"['i10e', 'i10p']","[-1, 1]",6.260000,5.036026
ISOL24,"['i12e', 'i12p']","[-1, 1]",0.420000,-0.309779
ISOL24,"['i13e', 'i13p']","[-1, 1]",33.200000,28.959468
ISOL24,"['i14e', 'i14p']","[-1, 1]",4.920000,-0.829568
ISOL24,"['i15e', 'i15p']","[-1, 1]",4.070000,5.120435
ISOL24,"['i16e', 'i16p']","[-1, 1]",22.620000,21.636161
ISOL24,"['i17e', 'i17p']","[-1, 1]",9.590000,14.940582
ISOL24,"['i18e', 'i18p']","[-1, 1]",23.770000,18.909892
ISOL24,"['i19e', 'i19p']","[-1, 1]",18.280000,13.576968
ISOL24,"['i20e', 'i20p']","[-1, 1]",5.130000,4.391733
ISOL24,"['i21e', 'i21p']","[-1, 1]",11.380000,15.228007
ISOL24,"['i22e', 'i22p']","[1, -1]",1.080000,0.217256
ISOL24,"['i23e', 'i23p']","[-1, 1]",23.660000,25.319208
ISOL24,"['i24e', 'i24p']","[-1, 1]",15.250000,15.606754
MB16-43,"['01', 'H2', 'BH3', 'N2', 'O2', 'F2', 'NaH', 'AlH3', 'Cl2']","[-2, -4, 4, 2, 2, 1, 2, 2, 1]",869.597100,869.097343
MB16-43,"['02', 'H2', 'LiH', 'BH3', 'O2', 'F2', 'MgH2', 'SiH4', 'S2']","[-2, -6, 2, 4, 1, 1, 2, 2, 2]",737.786500,745.188619
MB16-43,"['03', 'H2', 'LiH', 'CH4', 'O2', 'F2', 'NaH', 'MgH2', 'AlH3', 'S2']","[-2, -13, 2, 6, 1, 1, 2, 2, 2, 1]",518.657600,483.241039
MB16-43,"['04', 'H2', 'BH3', 'CH4', 'O2', 'F2', 'AlH3', 'SiH4']","[-2, -17, 6, 2, 1, 1, 2, 4]",356.848100,295.694115
MB16-43,"['05', 'H2', 'BH3', 'N2', 'SiH4', 'P2', 'Cl2']","[-2, -4, 4, 2, 2, 4, 1]",147.682800,177.533397
MB16-43,"['06', 'H2', 'BH3', 'CH4', 'N2', 'O2', 'MgH2', 'AlH3']","[-2, -10, 6, 2, 1, 1, 2, 2]",368.494100,343.922760
MB16-43,"['07', 'H2', 'BH3', 'CH4', 'N2', 'O2', 'F2', 'MgH2', 'S2', 'Cl2']","[-2, -7, 2, 4, 1, 1, 2, 2, 1, 1]",557.983600,556.121565
MB16-43,"['08', 'H2', 'BeH2', 'BH3', 'CH4', 'O2', 'F2', 'AlH3']","[-2, -17, 2, 6, 4, 2, 2, 2]",681.959800,631.187162
MB16-43,"['09', 'H2', 'LiH', 'BH3', 'CH4', 'F2', 'SiH4', 'Cl2']","[-2, -6, 2, 4, 2, 1, 2, 1]",381.430100,381.103303
MB16-43,"['10', 'H2', 'BH3', 'CH4', 'N2', 'F2', 'MgH2', 'SiH4', 'Cl2']","[-2, -14, 2, 6, 1, 1, 2, 2, 1]",46.307300,23.269418
MB16-43,"['11', 'H2', 'BH3', 'CH4', 'N2', 'O2', 'F2', 'MgH2', 'AlH3']","[-2, -12, 4, 4, 1, 1, 1, 2, 2]",294.405800,242.382994
MB16-43,"['12', 'H2', 'BH3', 'CH4', 'N2', 'O2', 'F2', 'AlH3', 'P2', 'Cl2']","[-2, -11, 4, 2, 2, 1, 1, 4, 1, 1]",453.064700,433.362286
MB16-43,"['13', 'H2', 'CH4', 'N2', 'O2', 'MgH2', 'S2']","[-2, -5, 4, 4, 2, 2, 2]",19.875100,35.773917
MB16-43,"['14', 'H2', 'LiH', 'BH3', 'O2', 'AlH3', 'SiH4', 'Cl2']","[-2, -9, 2, 4, 1, 4, 2, 1]",384.889500,356.922944
MB16-43,"['15', 'H2', 'BH3', 'CH4', 'NaH', 'AlH3', 'SiH4', 'S2', 'Cl2']","[-2, -15, 4, 2, 2, 2, 4, 1, 1]",216.096100,184.241080
MB16-43,"['16', 'H2', 'LiH', 'BH3', 'O2', 'MgH2', 'AlH3', 'SiH4']","[-2, -19, 2, 6, 1, 4, 2, 4]",326.756700,259.079176
MB16-43,"['17', 'H2', 'BH3', 'CH4', 'O2', 'F2', 'MgH2', 'SiH4']","[-2, -9, 4, 2, 1, 3, 2, 2]",653.593100,618.070098
MB16-43,"['18', 'H2', 'BH3', 'N2', 'O2', 'F2', 'AlH3', 'Cl2']","[-2, -4, 6, 1, 1, 1, 2, 1]",580.861000,575.956328
MB16-43,"['19', 'H2', 'LiH', 'BH3', 'O2', 'F2', 'AlH3', 'P2', 'S2']","[-2, -7, 2, 4, 1, 1, 4, 2, 1]",664.560000,665.977073
MB16-43,"['20', 'H2', 'BH3', 'CH4', 'N2', 'F2', 'P2']","[-2, -11, 6, 4, 2, 2, 1]",242.805500,235.367079
MB16-43,"['21', 'H2', 'BH3', 'O2', 'NaH', 'MgH2', 'AlH3', 'Cl2']","[-2, -7, 2, 2, 2, 4, 4, 1]",806.225300,785.536851
MB16-43,"['22', 'H2', 'BH3', 'O2', 'F2', 'MgH2', 'P2']","[-2, -3, 6, 2, 1, 2, 1]",706.203700,678.229593
MB16-43,"['23', 'H2', 'BH3', 'CH4', 'F2', 'MgH2', 'SiH4', 'Cl2']","[-2, -20, 8, 2, 1, 2, 4, 1]",215.392800,169.542582
MB16-43,"['24', 'H2', 'BH3', 'O2', 'F2', 'AlH3', 'SiH4', 'S2']","[-2, -8, 2, 1, 4, 2, 4, 1]",1070.639500,1020.312090
MB16-43,"['25', 'H2', 'BH3', 'O2', 'F2', 'AlH3', 'SiH4']","[-1, -5, 2, 1, 1, 1, 2]",322.490400,293.539235
MB16-43,"['26', 'H2', 'BH3', 'CH4', 'O2', 'MgH2', 'AlH3', 'SiH4', 'P2']","[-2, -8, 2, 2, 2, 2, 2, 2, 1]",373.668000,336.205397
MB16-43,"['27', 'H2', 'BH3', 'CH4', 'N2', 'O2', 'AlH3', 'S2', 'Cl2']","[-2, -12, 2, 6, 2, 1, 2, 1, 1]",114.966600,94.265663
MB16-43,"['28', 'BH3', 'N2', 'O2', 'F2', 'AlH3']","[-2, 4, 2, 1, 1, 2]",325.121300,336.744020
MB16-43,"['29', 'H2', 'LiH', 'BH3', 'CH4', 'N2', 'F2', 'SiH4', 'S2']","[-2, -9, 2, 4, 2, 1, 3, 2, 1]",695.103200,686.802928
MB16-43,"['30', 'H2', 'LiH', 'BH3', 'CH4', 'F2', 'AlH3', 'SiH4', 'S2']","[-2, -12, 4, 2, 2, 5, 2, 2, 1]",1290.735800,1289.220943
MB16-43,"['31', 'H2', 'BH3', 'CH4', 'O2', 'F2', 'AlH3', 'P2', 'Cl2']","[-2, -8, 4, 2, 1, 1, 2, 4, 1]",534.900300,533.073701
MB16-43,"['32', 'H2', 'LiH', 'BH3', 'N2', 'F2', 'AlH3', 'SiH4', 'S2']","[-2, -11, 2, 6, 1, 2, 2, 2, 1]",685.581800,679.832558
MB16-43,"['33', 'H2', 'BH3', 'CH4', 'N2', 'F2', 'AlH3', 'S2']","[-2, -6, 4, 2, 2, 1, 2, 2]",312.692500,298.460139
MB16-43,"['34', 'H2', 'BH3', 'CH4', 'N2', 'O2', 'F2', 'MgH2', 'AlH3', 'SiH4', 'P2']","[-2, -10, 2, 2, 1, 2, 1, 2, 2, 2, 1]",538.264200,497.990432
MB16-43,"['35', 'H2', 'LiH', 'BH3', 'CH4', 'O2', 'AlH3', 'SiH4', 'P2', 'Cl2']","[-2, -20, 2, 4, 4, 1, 4, 2, 1, 1]",228.174800,183.491768
MB16-43,"['36', 'H2', 'LiH', 'CH4', 'N2', 'O2', 'F2', 'P2', 'Cl2']","[-2, 3, 2, 2, 1, 2, 1, 1, 1]",552.850000,540.464349
MB16-43,"['37', 'H2', 'BH3', 'CH4', 'O2', 'F2', 'AlH3', 'SiH4', 'S2']","[-2, -19, 8, 2, 2, 1, 2, 2, 2]",629.784200,564.426016
MB16-43,"['38', 'H2', 'BH3', 'CH4', 'N2', 'F2', 'AlH3', 'SiH4', 'P2', 'S2']","[-2, -12, 2, 2, 2, 1, 2, 4, 1, 1]",98.194300,104.047944
MB16-43,"['39', 'H2', 'LiH', 'BH3', 'CH4', 'F2', 'NaH', 'Cl2']","[-2, -5, 2, 2, 4, 2, 2, 1]",436.404400,435.641202
MB16-43,"['40', 'H2', 'BH3', 'CH4', 'N2', 'AlH3', 'SiH4']","[-2, -26, 6, 6, 1, 2, 4]",-362.980600,-439.395102
MB16-43,"['41', 'H2', 'BH3', 'CH4', 'F2', 'NaH', 'AlH3', 'S2']","[-2, -16, 4, 6, 1, 2, 2, 2]",160.290900,141.052757
MB16-43,"['42', 'H2', 'BH3', 'CH4', 'N2', 'O2', 'F2', 'AlH3', 'P2']","[-2, -11, 4, 2, 1, 2, 2, 4, 1]",754.645800,732.762656
MB16-43,"['43', 'H2', 'BH3', 'N2', 'O2', 'F2', 'AlH3', 'SiH4']","[-2, -7, 2, 3, 1, 1, 2, 4]",421.968300,418.745528
MCONF,"['1', '2']","[-1, 1]",0.390000,1.400252
MCONF,"['1', '3']","[-1, 1]",1.740000,1.758245
MCONF,"['1', '4']","[-1, 1]",1.160000,1.387585
MCONF,"['1', '5']","[-1, 1]",2.200000,2.499632
MCONF,"['1', '6']","[-1, 1]",2.200000,2.610242
MCONF,"['1', '7']","[-1, 1]",2.680000,3.183398
MCONF,"['1', '8']","[-1, 1]",2.920000,3.138429
MCONF,"['1', '9']","[-1, 1]",2.230000,2.347602
MCONF,"['1', '10']","[-1, 1]",2.840000,3.060523
MCONF,"['1', '11']","[-1, 1]",4.240000,4.443508
MCONF,"['1', '12']","[-1, 1]",4.450000,4.642193
MCONF,"['1', '13']","[-1, 1]",3.600000,3.698892
MCONF,"['1', '14']","[-1, 1]",2.250000,3.074607
MCONF,"['1', '15']","[-1, 1]",3.740000,3.928538
MCONF,"['1', '16']","[-1, 1]",5.000000,5.258835
MCONF,"['1', '17']","[-1, 1]",5.110000,5.359352
MCONF,"['1', '18']","[-1, 1]",3.180000,3.827695
MCONF,"['1', '19']","[-1, 1]",3.830000,3.889351
MCONF,"['1', '20']","[-1, 1]",3.800000,3.731184
MCONF,"['1', '21']","[-1, 1]",3.110000,3.807875
MCONF,"['1', '22']","[-1, 1]",5.270000,5.341974
MCONF,"['1', '23']","[-1, 1]",5.310000,5.451133
MCONF,"['1', '24']","[-1, 1]",4.500000,5.212247
MCONF,"['1', '25']","[-1, 1]",3.850000,4.347472
MCONF,"['1', '26']","[-1, 1]",4.550000,5.317497
MCONF,"['1', '27']","[-1, 1]",4.760000,4.568451
MCONF,"['1', '28']","[-1, 1]",4.370000,4.539630
MCONF,"['1', '29']","[-1, 1]",5.270000,5.782393
MCONF,"['1', '30']","[-1, 1]",5.670000,6.001476
MCONF,"['1', '31']","[-1, 1]",4.860000,5.114208
MCONF,"['1', '32']","[-1, 1]",6.240000,6.054712
MCONF,"['1', '33']","[-1, 1]",6.260000,6.112948
MCONF,"['1', '34']","[-1, 1]",5.850000,5.953031
MCONF,"['1', '35']","[-1, 1]",5.370000,5.741823
MCONF,"['1', '36']","[-1, 1]",5.530000,5.627546
MCONF,"['1', '37']","[-1, 1]",7.530000,7.802031
MCONF,"['1', '38']","[-1, 1]",5.880000,5.996908
MCONF,"['1', '39']","[-1, 1]",5.580000,6.055923
MCONF,"['1', '40']","[-1, 1]",6.980000,7.086383
MCONF,"['1', '41']","[-1, 1]",7.070000,7.189835
MCONF,"['1', '42']","[-1, 1]",6.390000,6.662224
MCONF,"['1', '43']","[-1, 1]",7.320000,7.463684
MCONF,"['1', '44']","[-1, 1]",7.390000,7.550820
MCONF,"['1', '45']","[-1, 1]",6.180000,6.985787
MCONF,"['1', '46']","[-1, 1]",7.820000,8.121690
MCONF,"['1', '47']","[-1, 1]",7.890000,8.198547
MCONF,"['1', '48']","[-1, 1]",6.740000,7.103469
MCONF,"['1', '49']","[-1, 1]",8.190000,8.552587
MCONF,"['1', '50']","[-1, 1]",8.200000,8.565272
MCONF,"['1', '51']","[-1, 1]",7.280000,7.978550
MCONF,"['1', '52']","[-1, 1]",8.750000,9.468477
NBPRC,"['nh3', 'bh3_1', 'nh3-bh3']","[-1, -1, 1]",-32.100000,-37.342277
NBPRC,"['nh3-bh3', 'nh2-bh2', 'h2_1']","[-1, 1, 1]",-0.200000,5.067589
NBPRC,"['nh2-bh2', 'nh-bh', 'h2_1']","[-1, 1, 1]",37.600000,43.706870
NBPRC,"['nh2-bh2', 'cbut']","[-2, 1]",-19.500000,-25.346599
NBPRC,"['nh2-bh2', 'bz', 'h2_1']","[-3, 1, 3]",-48.900000,-49.289542
NBPRC,"['nh2-bh2', 'ch']","[-3, 1]",-46.100000,-54.091116
NBPRC,"['BH3PH3', 'BH3_2', 'PH3']","[1, -1, -1]",-25.200000,-27.633911
NBPRC,"['K_H', 'BH3PH3', 'H2_2']","[1, -1, -1]",40.400000,41.803239
NBPRC,"['BF3PMe3', 'BF3', 'PMe3']","[1, -1, -1]",-15.200000,-19.452470
NBPRC,"['K_F', 'BF3PMe3', 'H2_2']","[1, -1, -1]",18.500000,31.206986
NBPRC,"['BCl3PMe3', 'BCl3', 'PMe3']","[1, -1, -1]",-31.200000,-33.119416
NBPRC,"['K_Cl', 'BCl3PMe3', 'H2_2']","[1, -1, -1]",17.600000,22.771553
PA26,"['p2', 'p2p']","[1, -1]",167.200000,168.325255
PA26,"['p4', 'p4p']","[1, -1]",192.900000,197.922442
PA26,"['p6', 'p6p']","[1, -1]",209.200000,215.501943
PA26,"['p8', 'p8p']","[1, -1]",219.200000,226.571741
PA26,"['nh3', 'nh3p']","[1, -1]",211.900000,218.194794
PA26,"['h2o', 'h2op']","[1, -1]",171.400000,176.947112
PA26,"['c2h2', 'c2h2p']","[1, -1]",157.400000,156.332574
PA26,"['sih4', 'sih4p']","[1, -1]",156.900000,147.821005
PA26,"['ph3', 'ph3p']","[1, -1]",192.800000,189.757341
PA26,"['h2s', 'h2sp']","[1, -1]",174.300000,171.032206
PA26,"['hcl', 'hclp']","[1, -1]",137.800000,131.860267
PA26,"['h2', 'h2p']","[1, -1]",106.200000,97.026551
PA26,"['c2f6', 'c2f6p']","[1, -1]",120.800000,116.292042
PA26,"['ethanol', 'ethanolp']","[1, -1]",191.900000,192.170221
PA26,"['ch3cooh', 'ch3coohp']","[1, -1]",190.900000,190.223109
PA26,"['gly', 'glyp']","[1, -1]",218.200000,221.613093
PA26,"['phenol', 'phenolp']","[1, -1]",200.400000,202.386777
PA26,"['ass', 'assp']","[1, -1]",210.200000,208.128395
PA26,"['ch2s', 'ch2sp']","[1, -1]",188.300000,183.156261
PA26,"['si2h6', 'si2h6p']","[1, -1]",181.900000,175.916410
PA26,"['cys', 'cysp']","[1, -1]",221.300000,223.122649
PA26,"['phosphapyrrol', 'phosphapyrrolp']","[1, -1]",219.600000,222.116217
PA26,"['A', 'Ap']","[1, -1]",192.900000,191.634763
PA26,"['T', 'Tp']","[1, -1]",210.700000,209.652962
PA26,"['G', 'Gp']","[1, -1]",236.000000,238.905532
PA26,"['C', 'Cp']","[1, -1]",235.100000,237.708719
PArel,"['A0', 'A1']","[-1, 1]",1.610000,1.356934
PArel,"['A0', 'A2']","[-1, 1]",8.500000,8.421421
PArel,"['T1', 'T0']","[-1, 1]",2.940000,3.195841
PArel,"['T1', 'T2']","[-1, 1]",6.220000,8.234276
PArel,"['T1', 'T3']","[-1, 1]",7.190000,9.378736
PArel,"['arg2', 'arg0']","[-1, 1]",2.380000,3.737176
PArel,"['his1', 'his2']","[-1, 1]",1.190000,1.655731
PArel,"['his1', 'his0']","[-1, 1]",0.790000,0.547800
PArel,"['his1', 'his3']","[-1, 1]",7.050000,7.503385
PArel,"['sugar0', 'sugar2']","[-1, 1]",2.980000,4.323210
PArel,"['sugar0', 'sugar4']","[-1, 1]",3.410000,5.253026
PArel,"['sugar0', 'sugar3']","[-1, 1]",3.210000,5.398570
PArel,"['aminocoohbz2', 'aminocoohbz1']","[-1, 1]",0.600000,0.362656
PArel,"['aminocoohbz2', 'aminocoohbz3']","[-1, 1]",7.210000,5.340350
PArel,"['h4p2o71', 'h4p2o72']","[-1, 1]",2.360000,1.191901
PArel,"['h2s2o71', 'h2s2o72']","[-1, 1]",17.880000,15.972358
PArel,"['s4o42', 's4o41']","[-1, 1]",11.200000,1.667618
PArel,"['c2h2f41', 'c2h2f42']","[-1, 1]",1.270000,-1.668278
PArel,"['c2cl43', 'c2cl42']","[-1, 1]",2.470000,6.090416
PArel,"['c2cl43', 'c2cl41']","[-1, 1]",2.150000,10.549756
PCONF21,"['99', '444']","[-1, 1]",0.020000,1.800754
PCONF21,"['99', '357']","[-1, 1]",1.010000,0.388380
PCONF21,"['99', '366']","[-1, 1]",0.700000,1.641667
PCONF21,"['99', '215']","[-1, 1]",0.850000,2.066072
PCONF21,"['99', '300']","[-1, 1]",0.780000,0.947246
PCONF21,"['99', '114']","[-1, 1]",1.920000,1.232110
PCONF21,"['99', '412']","[-1, 1]",2.180000,1.123392
PCONF21,"['99', '691']","[-1, 1]",1.610000,1.797475
PCONF21,"['99', '470']","[-1, 1]",1.890000,2.592940
PCONF21,"['99', '224']","[-1, 1]",2.070000,3.346321
PCONF21,"['GLY_ab', 'GLY_aR']","[-1, 1]",1.070000,0.315632
PCONF21,"['GLY_ab', 'GLY_pII']","[-1, 1]",1.230000,0.653522
PCONF21,"['GLY_ab', 'GLY_aL']","[-1, 1]",2.440000,1.096351
PCONF21,"['GLY_ab', 'GLY_b']","[-1, 1]",2.140000,1.682672
PCONF21,"['SER_ab', 'SER_aR']","[-1, 1]",1.470000,0.746751
PCONF21,"['SER_ab', 'SER_pII']","[-1, 1]",2.800000,1.945702
PCONF21,"['SER_ab', 'SER_aL']","[-1, 1]",2.270000,0.693082
PCONF21,"['SER_ab', 'SER_b']","[-1, 1]",2.740000,1.935512
PNICO23,"['1', '1a', '1b']","[-1, 1, 1]",1.430000,2.210142
PNICO23,"['2', '2a', '2b']","[-1, 1, 1]",8.020000,7.965886
PNICO23,"['3', '3a', '3b']","[-1, 1, 1]",0.640000,0.967604
PNICO23,"['4', '4a', '4b']","[-1, 1, 1]",4.260000,6.117963
PNICO23,"['5', '5a', '5b']","[-1, 1, 1]",2.860000,2.995939
PNICO23,"['6', '6a', '6b']","[-1, 1, 1]",1.320000,1.696473
PNICO23,"['7', '7a', '7b']","[-1, 1, 1]",4.290000,5.329422
PNICO23,"['8', '8a', '8b']","[-1, 1, 1]",2.630000,3.483163
PNICO23,"['9', '9a', '9b']","[-1, 1, 1]",4.910000,6.202119
PNICO23,"['10', '10a', '10b']","[-1, 1, 1]",2.210000,3.240377
PNICO23,"['11', '11a', '11b']","[-1, 1, 1]",1.400000,2.598429
PNICO23,"['12', '12a', '12b']","[-1, 1, 1]",2.620000,4.135892
PNICO23,"['13', '13a', '13b']","[-1, 1, 1]",3.980000,5.047610
PNICO23,"['14', '14a', '14b']","[-1, 1, 1]",4.100000,5.752423
PNICO23,"['15', '15a', '15b']","[-1, 1, 1]",4.340000,5.883721
PNICO23,"['16', '16a', '16b']","[-1, 1, 1]",1.780000,3.141219
PNICO23,"['17', '17a', '17b']","[-1, 1, 1]",7.100000,10.808562
PNICO23,"['18', '18a', '18b']","[-1, 1, 1]",2.350000,3.419192
PNICO23,"['19', '19a', '19b']","[-1, 1, 1]",5.950000,8.218942
PNICO23,"['20', '20a', '20b']","[-1, 1, 1]",8.180000,12.872923
PNICO23,"['21', '21a', '21b']","[-1, 1, 1]",4.920000,8.167809
PNICO23,"['22', '22a', '22b']","[-1, 1, 1]",8.030000,12.479311
PNICO23,"['23', '23a', '23b']","[-1, 1, 1]",10.970000,16.858084
PX13,"['nh3_2', 'nh3_2_ts']","[-1, 1]",59.300000,59.757648
PX13,"['nh3_3', 'nh3_3_ts']","[-1, 1]",46.900000,40.101425
PX13,"['nh3_4', 'nh3_4_ts']","[-1, 1]",48.400000,41.210839
PX13,"['h2o_2', 'h2o_2_ts']","[-1, 1]",48.600000,46.124672
PX13,"['h2o_3', 'h2o_3_ts']","[-1, 1]",29.800000,24.540364
PX13,"['h2o_4', 'h2o_4_ts']","[-1, 1]",26.600000,18.228759
PX13,"['h2o_5', 'h2o_5_ts']","[-1, 1]",30.100000,18.735377
PX13,"['h2o_6', 'h2o_6_ts']","[-1, 1]",35.100000,21.632421
PX13,"['hf_2', 'hf_2_ts']","[-1, 1]",42.300000,31.158097
PX13,"['hf_3', 'hf_3_ts']","[-1, 1]",20.700000,6.861694
PX13,"['hf_4', 'hf_4_ts']","[-1, 1]",14.700000,-0.580210
PX13,"['hf_5', 'hf_5_ts']","[-1, 1]",14.600000,-3.749350
PX13,"['hf_6', 'hf_6_ts']","[-1, 1]",16.600000,-5.002922
RC21,"['1e', '1p1', 'me']","[-1, 1, 1]",23.430000,30.501681
RC21,"['1e', '1p2', '1p3']","[-1, 1, 1]",26.660000,33.453697
RC21,"['2e', '2p1', 'me']","[-1, 1, 1]",24.740000,31.517521
RC21,"['2e', '2p2', '2p3']","[-1, 1, 1]",59.440000,59.287878
RC21,"['3e', '3p1', '3p2']","[-1, 1, 1]",57.930000,64.512819
RC21,"['3e', '3int1']","[-1, 1]",36.560000,38.544566
RC21,"['3e', '3int2']","[-1, 1]",17.910000,16.435391
RC21,"['3e', '3int3']","[-1, 1]",16.800000,16.506226
RC21,"['3e', '3p2', '3p3']","[-1, 1, 1]",49.850000,55.806136
RC21,"['4e', '4p', 'me']","[-1, 1, 1]",45.160000,51.385499
RC21,"['5e', '5p', 'me']","[-1, 1, 1]",22.240000,24.482770
RC21,"['6e', '6int']","[-1, 1]",-6.720000,-5.038187
RC21,"['6e', '6p1', 'ethylene']","[-1, 1, 1]",21.210000,28.527376
RC21,"['6e', '6p3', 'me']","[-1, 1, 1]",22.030000,28.735076
RC21,"['6e', '1p2', 'pr']","[-1, 1, 1]",28.120000,34.800865
RC21,"['7e', '7p1', '7p2']","[-1, 1, 1]",-0.730000,14.742150
RC21,"['7e', '7p3', '7p4']","[-1, 1, 1]",50.660000,59.502131
RC21,"['7e', '7p5', '7p6']","[-1, 1, 1]",30.380000,38.520831
RC21,"['8e', '8p1', 'ethylene']","[-1, 1, 1]",49.730000,60.331692
RC21,"['9e', '9p1', '9p2']","[-1, 1, 1]",32.810000,38.364651
RC21,"['10e', '10p1', '10p2']","[-1, 1, 1]",126.560000,148.656750
RG18,"['ne2', 'ne']","[-1, 2]",0.080000,0.082146
RG18,"['ar2', 'ar']","[-1, 2]",0.270000,0.285494
RG18,"['kr2', 'kr']","[-1, 2]",0.400000,0.343195
RG18,"['ne3', 'ne']","[-1, 3]",0.270000,0.228608
RG18,"['ar3', 'ar']","[-1, 3]",0.770000,0.633959
RG18,"['kr3', 'kr']","[-1, 3]",1.180000,0.905305
RG18,"['ne4', 'ne']","[-1, 4]",0.540000,0.430749
RG18,"['ar4', 'ar']","[-1, 4]",1.510000,1.203902
RG18,"['ne6', 'ne']","[-1, 6]",1.130000,0.882387
RG18,"['hfNe', 'ne', 'hf']","[-1, 1, 1]",0.230000,1.021031
RG18,"['hfAr', 'ar', 'hf']","[-1, 1, 1]",0.590000,1.467380
RG18,"['hfKr', 'kr', 'hf']","[-1, 1, 1]",0.720000,-0.213018
RG18,"['c2h2Ne', 'ne', 'c2h2']","[-1, 1, 1]",0.120000,0.247040
RG18,"['c2h2Ar', 'ar', 'c2h2']","[-1, 1, 1]",0.330000,0.428821
RG18,"['c2h6Ne', 'ne', 'c2h6']","[-1, 1, 1]",0.240000,0.720216
RG18,"['c2h6Ar', 'ar', 'c2h6']","[-1, 1, 1]",0.540000,0.979862
RG18,"['bzNe', 'ne', 'bz']","[-1, 1, 1]",0.400000,0.447743
RG18,"['bzAr', 'ar', 'bz']","[-1, 1, 1]",1.120000,1.129824
RSE43,"['E2', 'P2', 'E1', 'P1']","[-1, 1, 1, -1]",-15.300000,-16.728070
RSE43,"['E3', 'P3', 'E1', 'P1']","[-1, 1, 1, -1]",2.000000,-2.276842
RSE43,"['E4', 'P4', 'E1', 'P1']","[-1, 1, 1, -1]",6.900000,2.628203
RSE43,"['E5', 'P5', 'E1', 'P1']","[-1, 1, 1, -1]",-0.700000,-2.242792
RSE43,"['E6', 'P6', 'E1', 'P1']","[-1, 1, 1, -1]",0.100000,-2.504552
RSE43,"['E7', 'P7', 'E1', 'P1']","[-1, 1, 1, -1]",1.400000,-1.717397
RSE43,"['E8', 'P8', 'E1', 'P1']","[-1, 1, 1, -1]",-3.000000,-4.226173
RSE43,"['E9', 'P9', 'E1', 'P1']","[-1, 1, 1, -1]",-1.500000,-2.846495
RSE43,"['E10', 'P10', 'E1', 'P1']","[-1, 1, 1, -1]",-2.000000,-3.310390
RSE43,"['E11', 'P11', 'E1', 'P1']","[-1, 1, 1, -1]",-17.700000,-20.027248
RSE43,"['E12', 'P12', 'E1', 'P1']","[-1, 1, 1, -1]",-10.100000,-12.795715
RSE43,"['E13', 'P13', 'E1', 'P1']","[-1, 1, 1, -1]",-8.400000,-10.963476
RSE43,"['E15', 'P15', 'E1', 'P1']","[-1, 1, 1, -1]",-6.400000,-8.355213
RSE43,"['E16', 'P16', 'E1', 'P1']","[-1, 1, 1, -1]",-6.500000,-8.389504
RSE43,"['E17', 'P17', 'E1', 'P1']","[-1, 1, 1, -1]",-6.600000,-9.086901
RSE43,"['E18', 'P18', 'E1', 'P1']","[-1, 1, 1, -1]",-6.500000,-8.911974
RSE43,"['E19', 'P19', 'E1', 'P1']","[-1, 1, 1, -1]",-3.100000,-4.630846
RSE43,"['E20', 'P20', 'E1', 'P1']","[-1, 1, 1, -1]",-3.800000,-7.413820
RSE43,"['E21', 'P21', 'E1', 'P1']","[-1, 1, 1, -1]",-12.500000,-14.364519
RSE43,"['E22', 'P22', 'E1', 'P1']","[-1, 1, 1, -1]",4.700000,2.729569
RSE43,"['E23', 'P23', 'E1', 'P1']","[-1, 1, 1, -1]",-13.100000,-14.396491
RSE43,"['E24', 'P24', 'E1', 'P1']","[-1, 1, 1, -1]",-11.200000,-12.900403
RSE43,"['E25', 'P25', 'E1', 'P1']","[-1, 1, 1, -1]",-8.900000,-11.192780
RSE43,"['E26', 'P26', 'E1', 'P1']","[-1, 1, 1, -1]",-13.300000,-14.254509
RSE43,"['E27', 'P27', 'E1', 'P1']","[-1, 1, 1, -1]",-3.500000,-6.060243
RSE43,"['E28', 'P28', 'E1', 'P1']","[-1, 1, 1, -1]",-3.800000,-7.266590
RSE43,"['E29', 'P29', 'E1', 'P1']","[-1, 1, 1, -1]",-2.900000,-6.587231
RSE43,"['E30', 'P30', 'E1', 'P1']","[-1, 1, 1, -1]",-6.000000,-9.257031
RSE43,"['E31', 'P31', 'E1', 'P1']","[-1, 1, 1, -1]",-6.400000,-9.527545
RSE43,"['E32', 'P32', 'E1', 'P1']","[-1, 1, 1, -1]",-4.300000,-8.352456
RSE43,"['E33', 'P33', 'E1', 'P1']","[-1, 1, 1, -1]",0.600000,-0.480993
RSE43,"['E34', 'P34', 'E1', 'P1']","[-1, 1, 1, -1]",-11.500000,-11.258769
RSE43,"['E35', 'P35', 'E1', 'P1']","[-1, 1, 1, -1]",-9.100000,-8.757996
RSE43,"['E36', 'P36', 'E1', 'P1']","[-1, 1, 1, -1]",2.400000,1.724108
RSE43,"['E37', 'P37', 'E1', 'P1']","[-1, 1, 1, -1]",-10.100000,-10.275778
RSE43,"['E38', 'P38', 'E1', 'P1']","[-1, 1, 1, -1]",-0.400000,-1.398237
RSE43,"['E39', 'P39', 'E1', 'P1']","[-1, 1, 1, -1]",-3.500000,-4.401967
RSE43,"['E40', 'P40', 'E1', 'P1']","[-1, 1, 1, -1]",-23.100000,-28.276774
RSE43,"['E41', 'P41', 'E1', 'P1']","[-1, 1, 1, -1]",-25.100000,-29.182571
RSE43,"['E42', 'P42', 'E1', 'P1']","[-1, 1, 1, -1]",-26.400000,-31.264898
RSE43,"['E43', 'P43', 'E1', 'P1']","[-1, 1, 1, -1]",-13.100000,-15.935402
RSE43,"['E44', 'P44', 'E1', 'P1']","[-1, 1, 1, -1]",-6.700000,-10.650051
RSE43,"['E45', 'P45', 'E1', 'P1']","[-1, 1, 1, -1]",-2.300000,-3.768950
S22,"['01', '01a']","[-1, 2]",3.133000,4.522629
S22,"['02', '02a']","[-1, 2]",4.989000,5.938711
S22,"['03', '03a']","[-1, 2]",18.753000,18.818923
S22,"['04', '04a']","[-1, 2]",16.062000,16.106230
S22,"['05', '05a']","[-1, 2]",20.641000,19.517399
S22,"['06', '06a', '06b']","[-1, 1, 1]",16.934000,17.654274
S22,"['07', '07a', '07b']","[-1, 1, 1]",16.660000,17.189371
S22,"['08', '08a']","[-1, 2]",0.527000,0.502596
S22,"['09', '09a']","[-1, 2]",1.472000,1.599489
S22,"['10', '10a', '10b']","[-1, 1, 1]",1.448000,1.461736
S22,"['11', '11a']","[-1, 2]",2.654000,2.644594
S22,"['12', '12a']","[-1, 2]",4.255000,4.252026
S22,"['13', '13a']","[-1, 2]",9.805000,8.935711
S22,"['14', '14a', '14b']","[-1, 1, 1]",4.524000,4.206232
S22,"['15', '15a', '15b']","[-1, 1, 1]",11.730000,11.226136
S22,"['16', '16a', '16b']","[-1, 1, 1]",1.496000,2.153430
S22,"['17', '17a', '17b']","[-1, 1, 1]",3.275000,3.943323
S22,"['18', '18a', '18b']","[-1, 1, 1]",2.312000,2.621622
S22,"['19', '19a', '19b']","[-1, 1, 1]",4.541000,5.045041
S22,"['20', '20a', '20b']","[-1, 1, 1]",2.717000,2.776421
S22,"['21', '21a', '21b']","[-1, 1, 1]",5.627000,5.569268
S22,"['22', '22a', '22b']","[-1, 1, 1]",7.097000,6.447296
S66,"['01A', '01B', '01']","[1, 1, -1]",4.991000,5.847058
S66,"['02A', '02B', '02']","[1, 1, -1]",5.674000,5.627087
S66,"['03A', '03B', '03']","[1, 1, -1]",6.996000,8.654056
S66,"['04A', '04B', '04']","[1, 1, -1]",8.191000,7.360029
S66,"['05A', '05B', '05']","[1, 1, -1]",5.827000,6.069405
S66,"['06A', '06B', '06']","[1, 1, -1]",7.625000,9.684898
S66,"['07A', '07B', '07']","[1, 1, -1]",8.313000,8.359086
S66,"['08A', '08B', '08']","[1, 1, -1]",5.071000,6.068187
S66,"['09A', '09B', '09']","[1, 1, -1]",3.091000,3.477833
S66,"['10A', '10B', '10']","[1, 1, -1]",4.189000,5.129679
S66,"['11A', '11B', '11']","[1, 1, -1]",5.442000,5.479254
S66,"['12A', '12B', '12']","[1, 1, -1]",7.360000,8.626698
S66,"['13A', '13B', '13']","[1, 1, -1]",6.250000,6.354730
S66,"['14A', '14B', '14']","[1, 1, -1]",7.518000,9.478286
S66,"['15A', '15B', '15']","[1, 1, -1]",8.688000,8.580531
S66,"['16A', '16B', '16']","[1, 1, -1]",5.178000,6.097193
S66,"['17A', '17B', '17']","[1, 1, -1]",17.403000,16.368460
S66,"['18A', '18B', '18']","[1, 1, -1]",6.929000,7.366412
S66,"['19A', '19B', '19']","[1, 1, -1]",7.465000,8.166859
S66,"['20A', '20B', '20']","[1, 1, -1]",19.383000,19.161698
S66,"['21A', '21B', '21']","[1, 1, -1]",16.485000,16.030900
S66,"['22A', '22B', '22']","[1, 1, -1]",19.748000,19.103930
S66,"['23A', '23B', '23']","[1, 1, -1]",19.424000,18.921188
S66,"['24A', '24B', '24']","[1, 1, -1]",2.686000,2.500571
S66,"['25A', '25B', '25']","[1, 1, -1]",3.760000,3.833906
S66,"['26A', '26B', '26']","[1, 1, -1]",9.716000,8.873679
S66,"['27A', '27B', '27']","[1, 1, -1]",3.304000,3.261778
S66,"['28A', '28B', '28']","[1, 1, -1]",5.545000,5.443034
S66,"['29A', '29B', '29']","[1, 1, -1]",6.661000,6.320294
S66,"['30A', '30B', '30']","[1, 1, -1]",1.343000,1.230692
S66,"['31A', '31B', '31']","[1, 1, -1]",3.306000,3.111937
S66,"['32A', '32B', '32']","[1, 1, -1]",3.675000,3.551522
S66,"['33A', '33B', '33']","[1, 1, -1]",1.784000,1.783923
S66,"['34A', '34B', '34']","[1, 1, -1]",3.733000,3.797709
S66,"['35A', '35B', '35']","[1, 1, -1]",2.583000,2.871029
S66,"['36A', '36B', '36']","[1, 1, -1]",1.750000,2.236115
S66,"['37A', '37B', '37']","[1, 1, -1]",2.375000,2.661316
S66,"['38A', '38B', '38']","[1, 1, -1]",2.957000,2.916598
S66,"['39A', '39B', '39']","[1, 1, -1]",3.482000,3.344796
S66,"['40A', '40B', '40']","[1, 1, -1]",2.823000,2.849536
S66,"['41A', '41B', '41']","[1, 1, -1]",4.768000,3.763282
S66,"['42A', '42B', '42']","[1, 1, -1]",4.055000,3.010926
S66,"['43A', '43B', '43']","[1, 1, -1]",3.660000,3.006791
S66,"['44A', '44B', '44']","[1, 1, -1]",1.976000,2.085513
S66,"['45A', '45B', '45']","[1, 1, -1]",1.704000,1.772127
S66,"['46A', '46B', '46']","[1, 1, -1]",4.216000,3.787957
S66,"['47A', '47B', '47']","[1, 1, -1]",2.806000,2.980027
S66,"['48A', '48B', '48']","[1, 1, -1]",3.477000,3.563484
S66,"['49A', '49B', '49']","[1, 1, -1]",3.267000,3.437480
S66,"['50A', '50B', '50']","[1, 1, -1]",2.836000,3.139919
S66,"['51A', '51B', '51']","[1, 1, -1]",1.528000,1.829718
S66,"['52A', '52B', '52']","[1, 1, -1]",4.691000,5.033789
S66,"['53A', '53B', '53']","[1, 1, -1]",4.375000,5.251378
S66,"['54A', '54B', '54']","[1, 1, -1]",3.263000,3.949425
S66,"['55A', '55B', '55']","[1, 1, -1]",4.137000,4.368016
S66,"['56A', '56B', '56']","[1, 1, -1]",3.171000,3.311688
S66,"['57A', '57B', '57']","[1, 1, -1]",5.219000,5.422236
S66,"['58A', '58B', '58']","[1, 1, -1]",4.193000,4.436010
S66,"['59A', '59B', '59']","[1, 1, -1]",2.913000,3.628944
S66,"['60A', '60B', '60']","[1, 1, -1]",4.933000,5.369912
S66,"['61A', '61B', '61']","[1, 1, -1]",2.879000,2.767011
S66,"['62A', '62B', '62']","[1, 1, -1]",3.495000,3.471386
S66,"['63A', '63B', '63']","[1, 1, -1]",3.716000,3.945784
S66,"['64A', '64B', '64']","[1, 1, -1]",2.977000,2.859510
S66,"['65A', '65B', '65']","[1, 1, -1]",4.071000,5.181897
S66,"['66A', '66B', '66']","[1, 1, -1]",3.931000,3.800751
SCONF,"['C1', 'C2']","[-1, 1]",0.860000,0.798355
SCONF,"['C1', 'C3']","[-1, 1]",2.280000,2.860940
SCONF,"['C1', 'C4']","[-1, 1]",3.080000,3.582774
SCONF,"['C1', 'C5']","[-1, 1]",4.600000,4.122091
SCONF,"['C1', 'C6']","[-1, 1]",4.870000,4.662010
SCONF,"['C1', 'C7']","[-1, 1]",4.160000,4.234009
SCONF,"['C1', 'C8']","[-1, 1]",4.380000,4.150834
SCONF,"['C1', 'C9']","[-1, 1]",6.190000,5.699693
SCONF,"['C1', 'C10']","[-1, 1]",6.180000,6.450084
SCONF,"['C1', 'C11']","[-1, 1]",5.650000,5.877835
SCONF,"['C1', 'C12']","[-1, 1]",5.590000,6.246779
SCONF,"['C1', 'C13']","[-1, 1]",5.930000,6.406106
SCONF,"['C1', 'C14']","[-1, 1]",6.310000,6.415800
SCONF,"['C1', 'C15']","[-1, 1]",6.220000,6.781146
SCONF,"['G1', 'G2']","[-1, 1]",0.200000,0.281569
SCONF,"['G1', 'G3']","[-1, 1]",6.160000,5.377023
SCONF,"['G1', 'G4']","[-1, 1]",5.540000,3.701991
SIE4x4,"['h', 'h2+_1.0']","[1, -1]",64.400000,60.505514
SIE4x4,"['h', 'h2+_1.25']","[1, -1]",58.900000,57.836709
SIE4x4,"['h', 'h2+_1.5']","[1, -1]",48.700000,51.368397
SIE4x4,"['h', 'h2+_1.75']","[1, -1]",38.300000,44.483480
SIE4x4,"['he', 'he+', 'he2+_1.0']","[1, 1, -1]",56.900000,58.576026
SIE4x4,"['he', 'he+', 'he2+_1.25']","[1, 1, -1]",46.900000,57.721277
SIE4x4,"['he', 'he+', 'he2+_1.5']","[1, 1, -1]",31.300000,49.055693
SIE4x4,"['he', 'he+', 'he2+_1.75']","[1, 1, -1]",19.100000,42.150969
SIE4x4,"['nh3', 'nh3+', 'nh32+_1.0']","[1, 1, -1]",35.900000,44.287156
SIE4x4,"['nh3', 'nh3+', 'nh32+_1.25']","[1, 1, -1]",25.900000,35.270741
SIE4x4,"['nh3', 'nh3+', 'nh32+_1.5']","[1, 1, -1]",13.400000,23.781841
SIE4x4,"['nh3', 'nh3+', 'nh32+_1.75']","[1, 1, -1]",4.900000,16.571174
SIE4x4,"['h2o', 'h2o+', 'h2o2+_1.0']","[1, 1, -1]",39.700000,46.198724
SIE4x4,"['h2o', 'h2o+', 'h2o2+_1.25']","[1, 1, -1]",29.100000,39.543105
SIE4x4,"['h2o', 'h2o+', 'h2o2+_1.5']","[1, 1, -1]",16.900000,29.879575
SIE4x4,"['h2o', 'h2o+', 'h2o2+_1.75']","[1, 1, -1]",9.300000,17.757263
TAUT15,"['1a', '1b']","[-1, 1]",4.300000,2.709556
TAUT15,"['2a', '2b']","[-1, 1]",6.560000,4.702185
TAUT15,"['3a', '3b']","[-1, 1]",-5.440000,-7.663373
TAUT15,"['3a', '3c']","[-1, 1]",5.250000,5.017075
TAUT15,"['3a', '3d']","[-1, 1]",13.030000,16.742019
TAUT15,"['4a', '4b']","[-1, 1]",0.930000,-0.536844
TAUT15,"['5a', '5b']","[-1, 1]",0.740000,-0.463737
TAUT15,"['5a', '5c']","[-1, 1]",1.450000,2.205419
TAUT15,"['6a', '6b']","[-1, 1]",-0.170000,-1.235379
TAUT15,"['6a', '6c']","[-1, 1]",-0.870000,-1.358990
TAUT15,"['6a', '6d']","[-1, 1]",2.850000,3.615545
TAUT15,"['7a', '7b']","[-1, 1]",2.150000,2.731656
TAUT15,"['8a', '8b']","[-1, 1]",0.550000,0.144494
TAUT15,"['9a', '9b']","[-1, 1]",0.950000,0.752986
TAUT15,"['10a', '10b']","[-1, 1]",-0.450000,-2.534565
UPU23,"['2p', '1a']","[-1, 1]",5.350000,6.721772
UPU23,"['2p', '1b']","[-1, 1]",3.960000,5.455824
UPU23,"['2p', '1c']","[-1, 1]",9.590000,11.847573
UPU23,"['2p', '1g']","[-1, 1]",2.580000,2.755924
UPU23,"['2p', '1p']","[-1, 1]",2.370000,3.805344
UPU23,"['2p', '2a']","[-1, 1]",2.780000,2.654949
UPU23,"['2p', '5z']","[-1, 1]",0.390000,0.674403
UPU23,"['2p', '6p']","[-1, 1]",3.280000,3.523925
UPU23,"['2p', '7a']","[-1, 1]",8.270000,9.226582
UPU23,"['2p', 'aa']","[-1, 1]",4.160000,6.078218
UPU23,"['2p', '1e']","[-1, 1]",11.580000,12.844367
UPU23,"['2p', '0a']","[-1, 1]",5.790000,6.526511
UPU23,"['2p', '1f']","[-1, 1]",13.890000,14.635800
UPU23,"['2p', '9a']","[-1, 1]",5.340000,5.477149
UPU23,"['2p', '4b']","[-1, 1]",5.540000,6.340924
UPU23,"['2p', '3a']","[-1, 1]",7.210000,8.226597
UPU23,"['2p', '7p']","[-1, 1]",3.820000,4.639456
UPU23,"['2p', '8d']","[-1, 1]",6.400000,6.872667
UPU23,"['2p', '3d']","[-1, 1]",5.500000,5.710763
UPU23,"['2p', '0b']","[-1, 1]",6.360000,6.452452
UPU23,"['2p', '1m']","[-1, 1]",6.560000,7.742478
UPU23,"['2p', '2h']","[-1, 1]",10.630000,10.678392
UPU23,"['2p', '3b']","[-1, 1]",6.460000,7.064327
W4-11,"['h2', 'h']","[-1, 2]",109.493000,109.395747
W4-11,"['alh3', 'al', 'h']","[-1, 1, 3]",213.169000,215.760330
W4-11,"['alh', 'al', 'h']","[-1, 1, 1]",73.570000,71.953285
W4-11,"['sih4', 'si', 'h']","[-1, 1, 4]",324.945000,328.037452
W4-11,"['bh3', 'b', 'h']","[-1, 1, 3]",281.287000,290.335291
W4-11,"['bh', 'b', 'h']","[-1, 1, 1]",84.995000,82.947352
W4-11,"['ch2-trip', 'c', 'h']","[-1, 1, 2]",190.745000,197.883816
W4-11,"['sih', 'si', 'h']","[-1, 1, 1]",73.921000,73.550755
W4-11,"['si2h6', 'si', 'h']","[-1, 2, 6]",535.885000,542.580727
W4-11,"['ch3', 'c', 'h']","[-1, 1, 3]",307.870000,316.017384
W4-11,"['ch4', 'c', 'h']","[-1, 1, 4]",420.420000,430.001081
W4-11,"['b2h6', 'b', 'h']","[-1, 2, 6]",607.023000,626.106747
W4-11,"['sih3f', 'si', 'h', 'f']","[-1, 1, 3, 1]",382.753000,374.302769
W4-11,"['ph3', 'p', 'h']","[-1, 1, 3]",242.267000,242.556714
W4-11,"['c2h6', 'c', 'h']","[-1, 2, 6]",713.080000,729.061709
W4-11,"['propane', 'c', 'h']","[-1, 3, 8]",1007.909000,1030.279676
W4-11,"['ch2-sing', 'c', 'h']","[-1, 1, 2]",181.456000,178.169871
W4-11,"['ch', 'c', 'h']","[-1, 1, 1]",84.221000,82.761409
W4-11,"['h2s', 'h', 's']","[-1, 2, 1]",183.913000,178.050928
W4-11,"['hs', 'h', 's']","[-1, 1, 1]",87.731000,85.159569
W4-11,"['c2h5f', 'c', 'h', 'f']","[-1, 2, 5, 1]",721.502000,726.779130
W4-11,"['ch3nh2', 'c', 'n', 'h']","[-1, 1, 1, 5]",582.301000,584.679801
W4-11,"['ch3f', 'c', 'f', 'h']","[-1, 1, 1, 3]",422.959000,420.322002
W4-11,"['propene', 'c', 'h']","[-1, 3, 6]",861.578000,876.231133
W4-11,"['nh3', 'n', 'h']","[-1, 1, 3]",298.018000,291.670904
W4-11,"['ethanol', 'c', 'o', 'h']","[-1, 2, 1, 6]",811.241000,812.554943
W4-11,"['ch3nh', 'c', 'n', 'h']","[-1, 1, 1, 4]",474.629000,479.447764
W4-11,"['c2h4', 'c', 'h']","[-1, 2, 4]",564.095000,570.993453
W4-11,"['methanol', 'c', 'o', 'h']","[-1, 1, 1, 4]",513.501000,507.690906
W4-11,"['hcl', 'h', 'cl']","[-1, 1, 1]",107.499000,100.774137
W4-11,"['nh2', 'n', 'h']","[-1, 1, 2]",182.591000,178.526614
W4-11,"['nh', 'n', 'h']","[-1, 1, 1]",83.096000,81.841294
W4-11,"['ch2nh2', 'c', 'n', 'h']","[-1, 1, 1, 4]",482.276000,485.099040
W4-11,"['bhf2', 'b', 'h', 'f']","[-1, 1, 1, 2]",410.973000,403.884696
W4-11,"['h2o', 'h', 'o']","[-1, 2, 1]",232.974000,218.193797
W4-11,"['hf', 'h', 'f']","[-1, 1, 1]",141.640000,127.728877
W4-11,"['ch2ch', 'c', 'h']","[-1, 2, 3]",446.081000,452.738920
W4-11,"['oh', 'o', 'h']","[-1, 1, 1]",107.208000,100.166069
W4-11,"['propyne', 'c', 'h']","[-1, 3, 4]",705.605000,712.130442
W4-11,"['acetaldehyde', 'c', 'o', 'h']","[-1, 2, 1, 4]",677.864000,679.978544
W4-11,"['allene', 'c', 'h']","[-1, 3, 4]",704.100000,713.105757
W4-11,"['sif4', 'si', 'f']","[-1, 1, 4]",577.780000,533.083118
W4-11,"['bf3', 'b', 'f']","[-1, 1, 3]",470.973000,458.097169
W4-11,"['c2h3f', 'c', 'f', 'h']","[-1, 2, 1, 3]",573.892000,574.613684
W4-11,"['oxirane', 'c', 'o', 'h']","[-1, 2, 1, 4]",651.526000,651.342953
W4-11,"['ch2f2', 'c', 'f', 'h']","[-1, 1, 2, 2]",437.668000,427.567083
W4-11,"['alf3', 'al', 'f']","[-1, 1, 3]",430.967000,409.936151
W4-11,"['bef2', 'be', 'f']","[-1, 1, 2]",309.099000,300.788348
W4-11,"['ch2c', 'c', 'h']","[-1, 2, 2]",359.934000,358.422994
W4-11,"['n2h4', 'h', 'n']","[-1, 4, 2]",438.281000,428.819152
W4-11,"['ch2nh', 'c', 'n', 'h']","[-1, 1, 1, 3]",439.441000,436.022629
W4-11,"['alf', 'al', 'f']","[-1, 1, 1]",163.780000,155.288136
W4-11,"['acetic', 'c', 'o', 'h']","[-1, 2, 2, 4]",804.017000,799.227906
W4-11,"['c2h2', 'c', 'h']","[-1, 2, 2]",405.525000,402.076043
W4-11,"['h2co', 'h', 'c', 'o']","[-1, 2, 1, 1]",374.658000,368.030584
W4-11,"['h2cn', 'h', 'c', 'n']","[-1, 2, 1, 1]",343.749000,342.447666
W4-11,"['bf', 'b', 'f']","[-1, 1, 1]",182.517000,175.909332
W4-11,"['becl2', 'be', 'cl']","[-1, 1, 2]",225.274000,224.831274
W4-11,"['t-hcoh', 'c', 'o', 'h']","[-1, 1, 1, 2]",322.477000,312.799190
W4-11,"['alcl3', 'al', 'cl']","[-1, 1, 3]",312.651000,309.061886
W4-11,"['c-hcoh', 'c', 'o', 'h']","[-1, 1, 1, 2]",317.647000,307.696170
W4-11,"['alcl', 'al', 'cl']","[-1, 1, 1]",122.618000,119.210660
W4-11,"['ketene', 'c', 'o', 'h']","[-1, 2, 1, 2]",533.462000,532.948587
W4-11,"['sif', 'si', 'f']","[-1, 1, 1]",142.710000,133.150594
W4-11,"['formic', 'c', 'o', 'h']","[-1, 1, 2, 2]",501.899000,487.879852
W4-11,"['hcnh', 'c', 'n', 'h']","[-1, 1, 1, 2]",336.249000,332.240881
W4-11,"['glyoxal', 'c', 'o', 'h']","[-1, 2, 2, 2]",635.101000,623.979245
W4-11,"['hcof', 'c', 'o', 'f', 'h']","[-1, 1, 1, 1, 1]",403.743000,392.857858
W4-11,"['nh2cl', 'n', 'cl', 'h']","[-1, 1, 1, 2]",248.059000,238.232384
W4-11,"['cf4', 'c', 'f']","[-1, 1, 4]",478.760000,462.557513
W4-11,"['hccf', 'c', 'f', 'h']","[-1, 2, 1, 1]",398.472000,394.086917
W4-11,"['hcn', 'h', 'c', 'n']","[-1, 1, 1, 1]",313.418000,302.948204
W4-11,"['hnc', 'h', 'c', 'n']","[-1, 1, 1, 1]",298.203000,288.995528
W4-11,"['cch', 'c', 'h']","[-1, 2, 1]",266.163000,261.771520
W4-11,"['hco', 'h', 'c', 'o']","[-1, 1, 1, 1]",279.422000,272.909486
W4-11,"['co', 'c', 'o']","[-1, 1, 1]",259.727000,248.102589
W4-11,"['oxirene', 'c', 'o', 'h']","[-1, 2, 1, 2]",456.072000,445.394235
W4-11,"['f2co', 'c', 'o', 'f']","[-1, 1, 1, 2]",420.636000,408.946904
W4-11,"['hocn', 'c', 'o', 'n', 'h']","[-1, 1, 1, 1, 1]",410.066000,395.245271
W4-11,"['hooh', 'h', 'o']","[-1, 2, 2]",269.089000,246.905268
W4-11,"['t-n2h2', 'h', 'n']","[-1, 2, 2]",296.534000,283.014980
W4-11,"['hnco', 'c', 'o', 'n', 'h']","[-1, 1, 1, 1, 1]",434.737000,424.883503
W4-11,"['c-n2h2', 'h', 'n']","[-1, 2, 2]",291.135000,277.205638
W4-11,"['cf2', 'c', 'f']","[-1, 1, 2]",258.782000,248.940914
W4-11,"['co2', 'c', 'o']","[-1, 1, 2]",390.141000,378.856696
W4-11,"['fccf', 'c', 'f']","[-1, 2, 2]",386.087000,379.364600
W4-11,"['dioxirane', 'c', 'o', 'h']","[-1, 1, 2, 2]",410.029000,394.583988
W4-11,"['cf', 'c', 'f']","[-1, 1, 1]",132.721000,129.449487
W4-11,"['ssh', 's', 'h']","[-1, 2, 1]",165.128000,156.764685
W4-11,"['hocl', 'h', 'o', 'cl']","[-1, 1, 1, 1]",166.229000,151.497321
W4-11,"['nccn', 'n', 'c']","[-1, 2, 2]",502.037000,485.118304
W4-11,"['n2', 'n']","[-1, 2]",228.485000,209.494590
W4-11,"['n2h', 'n', 'h']","[-1, 2, 1]",224.864000,214.081069
W4-11,"['ocs', 'o', 'c', 's']","[-1, 1, 1, 1]",335.747000,326.606988
W4-11,"['sio', 'si', 'o']","[-1, 1, 1]",193.052000,171.648095
W4-11,"['clcn', 'cl', 'c', 'n']","[-1, 1, 1, 1]",285.447000,273.579817
W4-11,"['hoo', 'h', 'o']","[-1, 1, 2]",175.533000,162.689534
W4-11,"['hcno', 'c', 'o', 'n', 'h']","[-1, 1, 1, 1, 1]",364.971000,354.572898
W4-11,"['honc', 'c', 'o', 'n', 'h']","[-1, 1, 1, 1, 1]",350.149000,336.453326
W4-11,"['hno', 'h', 'n', 'o']","[-1, 1, 1, 1]",205.890000,188.968371
W4-11,"['hof', 'h', 'o', 'f']","[-1, 1, 1, 1]",158.653000,141.390873
W4-11,"['c-hono', 'h', 'n', 'o']","[-1, 1, 1, 2]",312.219000,288.971574
W4-11,"['t-hono', 'h', 'n', 'o']","[-1, 1, 1, 2]",312.649000,288.415243
W4-11,"['cs2', 'c', 's']","[-1, 1, 2]",280.778000,272.556745
W4-11,"['hnnn', 'h', 'n']","[-1, 1, 3]",331.785000,314.241867
W4-11,"['cs', 'c', 's']","[-1, 1, 1]",172.218000,159.884660
W4-11,"['cn', 'c', 'n']","[-1, 1, 1]",181.350000,165.860864
W4-11,"['so3', 's', 'o']","[-1, 1, 3]",346.943000,283.607977
W4-11,"['ccl2', 'c', 'cl']","[-1, 1, 2]",177.357000,168.295559
W4-11,"['bn3pi', 'b', 'n']","[-1, 1, 1]",105.815000,65.015929
W4-11,"['so2', 's', 'o']","[-1, 1, 2]",260.621000,213.951579
W4-11,"['no', 'n', 'o']","[-1, 1, 1]",152.745000,140.387060
W4-11,"['so', 's', 'o']","[-1, 1, 1]",126.465000,111.884174
W4-11,"['n2o', 'n', 'o']","[-1, 2, 1]",270.849000,252.828475
W4-11,"['c-hooo', 'h', 'o']","[-1, 1, 3]",233.089000,207.207171
W4-11,"['s2', 's']","[-1, 2]",104.251000,97.205631
W4-11,"['p4', 'p']","[-1, 4]",290.578000,271.334238
W4-11,"['cl2', 'cl']","[-1, 2]",59.750000,50.653071
W4-11,"['o2', 'o']","[-1, 2]",120.824000,112.776409
W4-11,"['f2', 'f']","[-1, 2]",39.042000,25.689253
W4-11,"['t-hooo', 'h', 'o']","[-1, 1, 3]",233.297000,205.759677
W4-11,"['s2o', 's', 'o']","[-1, 2, 1]",208.781000,172.285973
W4-11,"['p2', 'p']","[-1, 2]",117.593000,104.497333
W4-11,"['clf', 'cl', 'f']","[-1, 1, 1]",62.800000,53.979008
W4-11,"['no2', 'n', 'o']","[-1, 1, 2]",227.882000,211.129608
W4-11,"['clo', 'cl', 'o']","[-1, 1, 1]",65.447000,54.643186
W4-11,"['s3', 's']","[-1, 3]",168.364000,142.625356
W4-11,"['cl2o', 'cl', 'o']","[-1, 2, 1]",101.457000,86.315082
W4-11,"['s4-c2v', 's']","[-1, 4]",234.348000,199.736282
W4-11,"['of', 'o', 'f']","[-1, 1, 1]",53.075000,44.996120
W4-11,"['c2', 'c']","[-1, 2]",147.023000,106.344377
W4-11,"['oclo', 'o', 'cl']","[-1, 2, 1]",128.120000,83.761450
W4-11,"['f2o', 'f', 'o']","[-1, 2, 1]",93.780000,73.745646
W4-11,"['b2', 'b']","[-1, 2]",67.459000,57.234308
W4-11,"['fo2', 'f', 'o']","[-1, 1, 2]",134.721000,111.338713
W4-11,"['cloo', 'cl', 'o']","[-1, 1, 2]",126.385000,111.192930
W4-11,"['foof', 'f', 'o']","[-1, 2, 2]",152.369000,117.560005
W4-11,"['o3', 'o']","[-1, 3]",147.428000,110.094263
W4-11,"['bn', 'b', 'n']","[-1, 1, 1]",105.239000,73.776413
W4-11,"['be2', 'be']","[-1, 2]",2.669000,5.369181
WATER27,"['H2O2', 'H2O']","[-1, 2]",5.010000,5.932368
WATER27,"['H2O3', 'H2O']","[-1, 3]",15.800000,18.246412
WATER27,"['H2O4', 'H2O']","[-1, 4]",27.400000,34.063576
WATER27,"['H2O5', 'H2O']","[-1, 5]",35.900000,44.774673
WATER27,"['H2O6', 'H2O']","[-1, 6]",46.000000,56.096321
WATER27,"['H2O6c', 'H2O']","[-1, 6]",45.800000,55.767226
WATER27,"['H2O6b', 'H2O']","[-1, 6]",45.300000,55.943063
WATER27,"['H2O6c2', 'H2O']","[-1, 6]",44.300000,55.148937
WATER27,"['H2O8d2d', 'H2O']","[-1, 8]",72.600000,89.002503
WATER27,"['H2O8s4', 'H2O']","[-1, 8]",72.600000,89.053002
WATER27,"['H2O20', 'H2O']","[-1, 20]",198.600000,243.779037
WATER27,"['H2O20fc', 'H2O']","[-1, 20]",208.000000,249.741318
WATER27,"['H2O20fs', 'H2O']","[-1, 20]",208.000000,250.341083
WATER27,"['H2O20es', 'H2O']","[-1, 20]",209.700000,253.231628
WATER27,"['H3OpH2O', 'H3Op', 'H2O']","[-1, 1, 1]",33.500000,40.110784
WATER27,"['H3OpH2O2', 'H3Op', 'H2O']","[-1, 1, 2]",56.900000,66.380223
WATER27,"['H3OpH2O3', 'H3Op', 'H2O']","[-1, 1, 3]",76.500000,88.281357
WATER27,"['H3OpH2O63d', 'H3Op', 'H2O']","[-1, 1, 6]",117.800000,134.436323
WATER27,"['H3OpH2O62d', 'H3Op', 'H2O']","[-1, 1, 6]",114.900000,132.608920
WATER27,"['OHmH2O', 'OHm', 'H2O']","[-1, 1, 1]",26.600000,45.712148
WATER27,"['OHmH2O2', 'OHm', 'H2O']","[-1, 1, 2]",48.400000,74.124333
WATER27,"['OHmH2O3', 'OHm', 'H2O']","[-1, 1, 3]",67.600000,98.246502
WATER27,"['OHmH2O4c4', 'OHm', 'H2O']","[-1, 1, 4]",84.800000,117.582292
WATER27,"['OHmH2O4cs', 'OHm', 'H2O']","[-1, 1, 4]",84.800000,120.161873
WATER27,"['OHmH2O5', 'OHm', 'H2O']","[-1, 1, 5]",100.700000,138.297086
WATER27,"['OHmH2O6', 'OHm', 'H2O']","[-1, 1, 6]",115.700000,156.818510
WATER27,"['H3OpH2O6OHm', 'H2O8s4']","[1, -1]",28.500000,22.657243
WCPT18,"['reac1', 'ts1']","[-1, 1]",36.760000,39.477957
WCPT18,"['reac2', 'ts2']","[-1, 1]",36.210000,37.035627
WCPT18,"['reac3', 'ts3']","[-1, 1]",60.950000,62.212378
WCPT18,"['reac4', 'ts4']","[-1, 1]",47.520000,50.044528
WCPT18,"['reac5', 'ts5']","[-1, 1]",65.680000,68.032268
WCPT18,"['reac6', 'ts6']","[-1, 1]",81.240000,91.072077
WCPT18,"['reac7', 'ts7']","[-1, 1]",32.000000,36.557987
WCPT18,"['reac8', 'ts8']","[-1, 1]",28.970000,30.645932
WCPT18,"['reac9', 'ts9']","[-1, 1]",58.800000,60.617163
WCPT18,"['reac1', 'h2o', 'ts1h2o']","[-1, -1, 1]",5.400000,2.965813
WCPT18,"['reac2', 'h2o', 'ts2h2o']","[-1, -1, 1]",2.680000,-2.254410
WCPT18,"['reac3', 'h2o', 'ts3h2o']","[-1, -1, 1]",28.780000,23.139515
WCPT18,"['reac4', 'h2o', 'ts4h2o']","[-1, -1, 1]",8.680000,8.278044
WCPT18,"['reac5', 'h2o', 'ts5h2o']","[-1, -1, 1]",33.890000,32.171165
WCPT18,"['reac6', 'h2o', 'ts6h2o']","[-1, -1, 1]",59.630000,55.168052
WCPT18,"['reac7', 'h2o', 'ts7h2o']","[-1, -1, 1]",5.830000,1.174646
WCPT18,"['reac8', 'h2o', 'ts8h2o']","[-1, -1, 1]",3.540000,-3.597747
WCPT18,"['reac9', 'h2o', 'ts9h2o']","[-1, -1, 1]",33.220000,24.362886
YBDE18,"['f2s-cbh22', 'f2s', 'cbh22']","[-1, 1, 1]",57.170000,52.215739
YBDE18,"['f2s-ch2', 'f2s', 'ch2']","[-1, 1, 1]",91.140000,79.934084
YBDE18,"['h2s-cbh22', 'h2s', 'cbh22']","[-1, 1, 1]",20.960000,19.827189
YBDE18,"['h2s-ch2', 'h2s', 'ch2']","[-1, 1, 1]",36.400000,29.179875
YBDE18,"['me2s-cbh22', 'me2s', 'cbh22']","[-1, 1, 1]",38.990000,35.529145
YBDE18,"['me2s-ch2', 'me2s', 'ch2']","[-1, 1, 1]",51.740000,41.964544
YBDE18,"['nf3-cbh22', 'nf3', 'cbh22']","[-1, 1, 1]",12.310000,10.869715
YBDE18,"['nf3-ch2', 'nf3', 'ch2']","[-1, 1, 1]",53.730000,41.792690
YBDE18,"['nh3-cbh22', 'nh3', 'cbh22']","[-1, 1, 1]",32.580000,38.188766
YBDE18,"['nh3-ch2', 'nh3', 'ch2']","[-1, 1, 1]",28.870000,25.926437
YBDE18,"['nme3-cbh22', 'nme3', 'cbh22']","[-1, 1, 1]",42.110000,41.129513
YBDE18,"['nme3-ch2', 'nme3', 'ch2']","[-1, 1, 1]",42.810000,33.932505
YBDE18,"['pf3-cbh22', 'pf3', 'cbh22']","[-1, 1, 1]",52.280000,47.940867
YBDE18,"['pf3-ch2', 'pf3', 'ch2']","[-1, 1, 1]",76.370000,67.796474
YBDE18,"['ph3-cbh22', 'ph3', 'cbh22']","[-1, 1, 1]",44.800000,42.638293
YBDE18,"['ph3-ch2', 'ph3', 'ch2']","[-1, 1, 1]",60.110000,52.181671
YBDE18,"['pme3-cbh22', 'pme3', 'cbh22']","[-1, 1, 1]",66.590000,63.970159
YBDE18,"['pme3-ch2', 'pme3', 'ch2']","[-1, 1, 1]",78.000000,68.833629
